序号,姓名,武力,智力,合,必杀技,,,,,,,,,,,,,,,,军师技,,,,,,,,,,,,,,,,黄巾之乱,,讨伐董卓,,群雄割据,,赤壁之战,,三国鼎立,,武器,可用阵形,使用阵形,可用兵种,使用兵种,剧本1情义君主,剧本2情义君主,剧本3情义君主,剧本4情义君主,剧本5情义君主,血统,节操,图形的类型,旗帜
001,丁奉,80,68,148,落石,1,鬼戟,7,龙炮,13,火牛阵,21,伏兵连阵,26,茅刺遍地,34,,,,,离间计(初),1,恢复技力(初),10,鼓舞士气(中),19,劝降,29,,,,,,,,,,,,,,,庐江,野,江夏,登,铜殳,方 雁 鱼 ,方,刀 弓 ,刀,,,,,,,4,1,0
002,丁原,74,68,142,飞矢,1,突石剑,8,龙炮,16,龙炮激射,24,龙炮灭杀,30,,,,,,,减少疲劳(初),1,增加体力(初),10,喝阻敌军(初),20,保护主将,28,,,,,,,,,新野,登,,,,,,,,,直剑,雁 钩 ,雁,弓 ,弓,,,,,,,5,7,0
003,于吉,30,97,127,命疗术,1,火雷,5,雷光波动,12,炎龙无双,17,黄龙天翔,22,炎龙怒涛,29,大地狂啸,34,天地无用,39,离间计(初),1,增加体力(初),7,化解计策,12,金蝉脱壳,16,恢复体力(中),24,喝阻敌军(中),28,十面埋伏,34,增加技力(高),40,吴,野,吴,野,吴,野,,,,,直剑,方 玄 鱼 ,方,飞 ,飞,,,,,,,6,7,0
004,于禁,81,71,152,连弩,1,鬼戟,9,突袭石,16,龙炮激射,22,伏兵连阵,30,,,,,,,鼓舞士气(初),1,增强攻击(初),8,包围敌军,17,乱阵,25,降敌士气(高),33,,,,,,,许昌,野,许昌,野,陈留,登,新野,登,邺,登,短锥枪,圆 钩 ,圆,刀 ,刀,,,,,,,4,4,0
005,兀突骨,88,30,118,突石,1,突石剑,8,冰柱刺,12,火牛阵,19,伏兵连阵,24,三圣华斩,32,分身斩,38,,,减少疲劳(初),1,,,,,,,,,,,,,,,,,,,,,,,云南,登,眉尖刀,方 圆 雁 钩 ,方,藤 ,藤,,,,,,,2,15,0
006,土安,72,33,105,飞矢,1,突石剑,7,突袭石,16,滚石遽压,22,滚石怒冲,30,,,,,,,减少疲劳(初),1,,,,,,,,,,,,,,,,,,,,,云南,登,云南,登,短锥枪,锥 ,锥,炼 飞 ,炼,,,,,,,1,13,0
007,大乔,46,78,124,落月弓,1,木轮攻,8,火箭烈,16,后伏连兵,24,火雷爆,30,,,,,,,离间计(初),1,混乱敌军(初),8,喝阻敌军(初),14,劝降,21,减缓集气(中),28,喝阻敌军(中),35,,,,,,,长沙,野,建业,野,建业,野,建业,野,直剑,钩 ,钩,武 女 ,女,孙坚,孙坚,孙权,孙权,孙权,,6,14,0
008,小乔,68,43,111,落石,1,伏兵班阵,8,回天术,15,龙炮激射,23,神火旋张,32,,,,,,,降敌士气(初),1,,,,,,,,,,,,,,,,,,,建业,野,建业,野,建业,野,直剑,冲 ,冲,女 ,女,孙坚,孙坚,孙权,孙权,孙权,,6,14,0
009,公孙度,76,46,122,旋龙,1,鬼戟,8,连弩激射,15,乱飞矢,23,八卦奇阵,30,,,,,,,扰乱敌将(初),1,,,,,,,,,,,,,,,,,北平,野,襄平,野,,,,,短锥枪,方 ,方,铁 ,铁,,,,,,,3,2,0
010,公孙恭,64,78,142,命疗术,1,火雷,8,拒陆马,16,木轮强袭,23,,,,,,,,,后选出阵,1,快速集气(初),8,降敌士气(中),14,保护主将,21,增加技力(中),29,,,,,,,,,,,襄平,野,襄平,登,北平,登,直剑,方 ,方,弓 炼 ,弓,,,,,,,2,8,0
011,公孙康,68,54,122,落石,1,地茅刺,9,冲车,19,地茅乱刺,28,,,,,,,,,减少疲劳(初),1,增强攻击(初),22,,,,,,,,,,,,,,,,,襄平,野,襄平,登,,,直剑,圆 玄 ,圆,刀 弓 ,刀,,,,,,,3,13,0
012,公孙渊,82,61,143,刀剑乱,1,伏兵班阵,6,冲车,14,龙炮激射,21,驷冲车,28,龙炮灭杀,34,,,,,快速集气(初),1,增加技力(初),13,逼近敌军,25,,,,,,,,,,,,,,,,,,,襄平,野,眉尖刀,鱼 ,鱼,刀 炼 ,炼,,,,,,,1,2,0
013,公孙越,65,46,111,突石,1,太极门,12,冲车,25,,,,,,,,,,,后选出阵,1,,,,,,,,,,,,,,,北平,登,北平,登,,,,,,,铜殳,钩 ,钩,炼 ,炼,公孙瓒,公孙瓒,,,,,3,1,0
014,公孙瓒,86,70,156,刀剑乱,1,旋灯火,7,连弩激射,14,龙炮激射,20,滚石遽压,27,火牛群舞,33,,,,,减缓集气(初),1,强化士兵(初),9,扰乱敌军(中),16,保护主将,25,减缓集气(中),33,,,,,,,北平,登,北平,登,,,,,,,眉尖刀,锥 玄 ,锥,枪 ,枪,,,,,,,3,1,0
015,卞喜,73,42,115,连弩,1,鬼戟,9,冲车,18,乱飞矢,28,,,,,,,,,扰乱敌将(初),1,,,,,,,,,,,,,,,许昌,登,邺,野,,,,,,,眉尖刀,圆 雁 ,雁,贼 ,贼,,,,,,,2,11,0
016,太史慈,97,70,167,落日弓,1,八门金锁,5,神剑,12,烈火旋灯,17,伏兵连阵,23,神火旋张,28,剑轮舞,33,鬼哭神号,40,减缓集气(初),1,混乱敌军(初),8,喝阻敌军(初),16,偷袭敌军,24,恢复体力(中),32,,,,,,,,,北海,野,庐江,登,庐江,登,,,短锥枪,方 锥 ,锥,枪 ,枪,,,,,,,4,3,0
017,孔岫,42,81,123,落月弓,1,虎咆,8,御飞刀,16,木轮强袭,22,火箭天袭,30,,,,,,,离间计(初),1,恢复技力(初),8,鼓舞士气(中),14,偷袭敌军,21,减缓集气(中),27,减少疲劳(高),35,,,,,谯,登,谯,登,,,,,,,直剑,雁 玄 ,玄,铁 ,铁,,,,,,,4,8,0
018,孔融,45,89,134,火箭,1,伏焰,6,火箭烈,13,炎龙无双,19,黄龙天翔,25,火箭天袭,32,炎龙绝杀,37,,,离间计(初),1,恢复体力(初),6,逼近敌军,12,保护主将,18,增加技力(中),24,喝阻敌军(中),31,快速集气(高),37,,,北海,登,北海,登,许昌,登,,,,,直剑,方 钩 ,钩,铁 ,铁,,,,,,,4,8,0
019,文钦,83,48,131,落石,1,太极门,7,冰柱刺,14,龙炮激射,20,伏兵连阵,26,神火旋张,34,,,,,后选出阵,1,诈败,24,,,,,,,,,,,,,,,,,,,,,谯,野,铜殳,方 锥 鱼 ,方,刀 武 ,刀,,,,,,,3,2,0
020,文聘,82,49,131,连弩,1,八门金锁,7,突袭石,13,龙炮激射,21,伏兵连阵,28,龙炮灭杀,34,,,,,后选出阵,1,增加体力(初),24,,,,,,,,,,,,,,,,,江夏,登,襄阳,登,新野,登,短锥枪,圆 锥 鱼 ,锥,刀,刀,,,,,,,3,10,0
021,文鸯,90,48,138,落日弓,1,伏兵班阵,6,冲车,12,地茅乱刺,18,三日月斩,25,飞矢烈震,30,神火怒张,37,,,扰乱敌将(初),1,恢复体力(初),24,,,,,,,,,,,,,,,,,,,,,襄阳,野,短锥枪,方 玄 ,方,刀 飞 ,刀,,,,,,,4,3,0
022,文丑,96,40,136,八面火,1,鬼戟,5,地茅刺,12,火牛阵,17,八卦奇阵,24,连弩狂涛,30,旋龙天舞,34,神鬼乱舞,41,扰乱敌将(初),1,,,,,,,,,,,,,,,南皮,野,南皮,登,,,,,,,铜殳,锥 钩 ,锥,枪 炼 ,炼,,,,,,,4,6,0
023,木鹿大王,78,64,142,突石,1,突石剑,8,突剑四方,16,冰柱群峰,23,连弩狂涛,30,,,,,,,离间计(初),1,恢复技力(初),10,逼近敌军,19,偷袭敌军,29,,,,,,,,,,,,,,,,,云南,登,短锥枪,冲 ,冲,蛮 ,蛮,,,,,,,2,15,0
024,毋丘俭,71,80,151,落月弓,1,木轮攻,7,御飞刀,16,木轮强袭,23,后伏兵阵,31,,,,,,,后选出阵,1,混乱敌军(初),7,逼近敌军,14,减少疲劳(中),21,快速集气(中),27,强化士兵(中),34,,,,,,,,,,,,,下邳,野,直剑,箭 ,箭,铁 ,铁,,,,,,,2,8,0
025,毛玠,64,60,124,落石,1,伏兵班阵,13,龙炮,24,,,,,,,,,,,鼓舞士气(初),1,增加技力(初),14,鼓舞士气(中),25,,,,,,,,,,,长安,野,长安,野,弘农,登,北海,登,,,铜殳,箭 ,箭,贼 ,贼,,,,,,,3,12,0
026,牛金,78,46,124,八面火,1,太极门,8,突袭石,15,旋龙合璧,23,伏兵连阵,29,,,,,,,鼓舞士气(初),1,,,,,,,,,,,,,,,,,,,下邳,登,宛,登,谯,登,眉尖刀,方 ,方,炼 ,炼,,,,,,,4,4,0
027,王子服,65,66,131,刀剑乱,1,八门金锁,9,冲车,18,乱飞矢,27,,,,,,,,,减缓集气(初),1,增加技力(初),11,强化武将(初),19,太公阵,28,,,,,,,,,,,洛阳,野,,,,,,,短锥枪,方 ,方,刀 飞 ,刀,,,,,,,5,8,0
028,王允,42,72,114,伏兵组阵,1,伏焰,10,火箭烈,19,后伏连兵,28,,,,,,,,,后选出阵,1,恢复技力(初),9,增加经验(初),16,劝降,24,降敌士气(高),32,,,,,,,洛阳,登,洛阳,登,,,,,,,直剑,玄 鱼 ,鱼,弓 ,弓,,,,,,,5,9,0
029,王平,77,72,149,飞矢,1,突石剑,8,八面火转,15,地茅乱刺,21,八卦奇阵,28,茅刺遍地,34,,,,,降敌士气(初),1,快速集气(初),8,强化武将(初),17,乱阵,25,恢复体力(中),33,,,,,,,,,,,梓潼,野,下弁,野,上庸,登,眉尖刀,雁 ,雁,刀 ,刀,,,,,,,4,2,0
030,王甫,48,63,111,落月弓,1,火雷,13,火箭烈,25,,,,,,,,,,,减缓集气(初),1,恢复技力(初),11,扰乱敌军(中),19,保护主将,29,,,,,,,,,,,江夏,野,襄阳,野,江夏,登,武陵,登,直剑,雁 ,雁,铁 ,铁,,,,,,,5,8,0
031,王朗,60,86,146,伏兵组阵,1,虎咆,7,御飞刀,14,伏兵排阵,20,绝命坝,27,火箭天袭,33,,,,,后选出阵,1,恢复技力(初),7,强化武将(初),13,偷袭敌军,19,降敌士气(高),25,喝阻敌军(中),32,恢复体力(高),37,,,徐州,登,会稽,登,会稽,野,濮阳,登,洛阳,登,直剑,圆 钩 ,圆,铁 ,铁,,,,,,,2,2,0
032,王真,68,34,102,落日弓,1,伏兵班阵,11,突袭石,24,,,,,,,,,,,减缓集气(初),1,,,,,,,,,,,,,,,,,,,,,,,长安,野,短锥枪,鱼 ,鱼,枪 ,枪,,,,,,,2,2,0
033,王基,76,64,140,刀剑乱,1,回天术,9,突剑四方,16,乱飞矢,23,八卦奇阵,32,,,,,,,鼓舞士气(初),1,诈败,10,增加经验(初),20,乱阵,29,,,,,,,,,,,,,,,,,天水,登,短锥枪,锥 ,锥,弓 ,弓,,,,,,,3,13,0
034,王累,48,83,131,伏兵组阵,1,火雷,7,火箭烈,15,木轮强袭,19,虎咆阳炎,26,火箭天袭,34,,,,,扰乱敌将(初),1,强化士兵(初),8,扰乱敌将(中),14,太公阵,21,保留气力(中),26,混乱敌军(中),34,,,,,,,,,梓潼,野,江州,登,,,直剑,玄 ,玄,枪 飞 ,枪,,,,,,,6,9,0
035,王浑,66,58,124,八面火,1,回天术,12,神剑,24,,,,,,,,,,,减缓集气(初),1,增加体力(初),13,降敌士气(中),26,,,,,,,,,,,,,,,,,,,陈留,野,铜殳,锥 ,锥,刀 弩 ,刀,,,,,,,4,9,0
036,王粲,41,86,127,命疗术,1,伏焰,7,火箭烈,14,虎咆阳炎,21,地泉鲸浪,27,火雷星雨,34,,,,,鼓舞士气(初),1,混乱敌军(初),6,增加经验(初),12,偷袭敌军,19,降敌士气(高),25,增加体力(中),31,快速集气(高),37,,,,,,,平原,野,平原,登,,,直剑,鱼 ,鱼,弓 飞 ,飞,,,,,,,3,9,0
037,王颀,64,47,111,落石,1,旋灯火,13,冲车,24,,,,,,,,,,,离间计(初),1,,,,,,,,,,,,,,,,,,,,,,,天水,野,短锥枪,玄 ,玄,铁 弩 ,铁,,,,,,,3,1,0
038,王浚,80,80,160,旋龙,1,突石剑,7,突袭石,15,旋龙合璧,21,伏兵连阵,27,旋龙天舞,33,,,,,后选出阵,1,增强攻击(初),8,降敌士气(中),15,包围敌军,20,快速集气(中),28,扰乱敌将(高),34,,,,,,,,,,,,,许昌,野,眉尖刀,玄 ,玄,弓 武 ,弓,,,,,,,4,13,0
039,王双,84,78,162,落日弓,1,回天术,6,冰柱刺,13,冰柱群峰,19,伏兵连阵,24,飞矢烈震,31,冰岚刃舞,37,,,降敌士气(初),1,增加体力(初),8,强化武将(初),14,保护主将,21,降敌士气(高),28,扰乱敌将(高),36,,,,,,,,,长安,野,长安,野,长安,登,眉尖刀,方 钩 ,方,炼 ,炼,,,,,,,4,6,0
040,司马孚,38,78,116,火箭,1,雷击,7,雷光波动,15,后伏连兵,23,雷击闪,30,,,,,,,后选出阵,1,强化士兵(初),7,增加经验(初),15,太公阵,22,恢复体力(中),28,增强攻击(中),36,,,,,,,,,,,,,邺,登,直剑,锥 ,锥,弓 ,弓,,,,,,,5,8,0
041,司马炎,81,71,152,刀剑乱,1,旋灯火,7,八面火转,15,地茅乱刺,21,乱刀狂舞,27,龙炮灭杀,34,,,,,鼓舞士气(初),1,增强攻击(初),9,强化武将(初),16,乱阵,25,恢复技力(中),33,,,,,,,,,,,,,,,许昌,野,直剑,方 玄 ,玄,弓 ,弓,,,,,,司马懿,3,9,0
042,司马昭,67,87,154,地泉冲,1,炎龙,7,雷光波动,14,地泉裂劲,19,雷光振杀,26,炎龙怒涛,33,,,,,降敌士气(初),1,快速集气(初),6,增加经验(初),13,保护主将,19,减缓集气(中),25,增加体力(中),31,保留气力(高),37,,,,,,,,,,,邺,登,直剑,雁 玄 ,雁,武 ,武,,,,,,司马懿,4,11,0
043,司马师,66,93,159,伏兵组阵,1,虎咆,6,御飞刀,12,木轮强袭,19,地泉鲸浪,25,炎龙杀阵,31,后伏军阵,36,,,减缓集气(初),1,强化士兵(初),7,降敌士气(中),12,乱阵,19,恢复体力(中),24,喝阻敌军(中),29,快速集气(高),36,强化士兵(高),41,,,,,,,,,邺,登,直剑,圆 钩 ,钩,飞 ,飞,,,,,,司马懿,4,9,0
044,司马徽,32,97,129,地泉冲,1,炎龙,6,地泉裂劲,12,炎龙无双,17,地泉鲸浪,22,炎龙杀阵,29,大地狂啸,34,十面埋伏,39,离间计(初),1,恢复体力(初),5,强化武将(初),11,劝降,17,恢复技力(中),23,增加经验(中),28,恢复技力(高),33,增加体力(高),39,襄阳,野,襄阳,野,襄阳,野,襄阳,野,襄阳,野,直剑,方 ,方,刀 ,刀,,,,,,,6,7,0
045,司马懿,71,99,170,木轮攻,1,炎龙,6,雷光波动,12,炎龙无双,17,黄龙天翔,24,炎龙怒涛,28,后伏军阵,34,天地无用,40,化解计策,1,增加经验(中),7,增加体力(高),11,金蝉脱壳,17,十面埋伏,22,恢复技力(高),29,混乱敌军(高),34,强化武将(高),39,,,,,,,许昌,登,邺,登,直剑,圆 玄 鱼 ,圆,弓 铁 ,弓,,,,,,,4,7,0
046,左慈,33,98,131,火箭,1,虎咆,6,雷光波动,12,炎龙无双,17,雷击闪,23,炎龙怒涛,29,五雷轰顶,34,炎龙绝杀,39,诈败,1,增加体力(初),6,强化武将(初),11,化解计策,17,恢复技力(中),22,增加经验(中),27,十面埋伏,34,增加经验(高),40,庐江,野,庐江,野,邺,野,邺,野,邺,野,直剑,圆 雁 玄 ,玄,武 ,武,,,,,,,6,7,0
047,左贤王,64,83,147,火箭,1,火雷,6,御飞刀,14,地泉裂劲,21,雷击闪,26,后伏兵阵,34,,,,,扰乱敌将(初),1,增加技力(初),7,增加经验(初),13,太公阵,21,恢复体力(中),27,混乱敌军(中),34,,,,,,,,,,,晋阳,登,晋阳,登,直剑,圆 ,圆,弓 ,弓,,,,,,,3,9,0
048,甘宁,96,63,159,刀剑乱,1,伏兵班阵,6,连弩激射,13,火牛阵,18,三日月斩,23,神火旋张,30,分身斩,34,神鬼乱舞,40,保留气力(初),1,增加技力(初),9,增加经验(初),21,偷袭敌军,30,,,,,,,,,,,,,江夏,登,庐江,登,长沙,登,短锥枪,方 圆 ,方,关 ,关,,,,,,,4,3,0
049,田丰,52,95,147,地泉冲,1,虎咆,6,伏兵排阵,11,后伏连兵,18,虎咆阳炎,23,火雷星雨,29,十面埋伏,36,大地狂啸,40,扰乱敌将(初),1,恢复体力(初),7,强化武将(初),11,包围敌军,17,减缓集气(中),23,增强攻击(中),29,减缓集气(高),34,增加技力(高),41,南皮,野,南皮,登,,,,,,,直剑,圆 玄 ,圆,飞 ,飞,,,,,,,4,7,0
050,田畴,74,54,128,落石,1,鬼戟,9,冰柱刺,16,烈火旋灯,24,驷冲车,32,,,,,,,后选出阵,1,恢复技力(初),23,,,,,,,,,,,,,,,,,邺,登,邺,登,洛阳,登,短锥枪,玄 ,玄,刀 ,刀,,,,,,,4,11,0
051,申耽,70,64,134,落石,1,地茅刺,9,八面火转,18,龙炮激射,27,,,,,,,,,降敌士气(初),1,增加体力(初),11,增加经验(初),20,偷袭敌军,29,,,,,,,,,,,,,,,上庸,野,上庸,登,铜殳,玄 ,玄,铁 ,铁,,,,,,,3,2,0
052,伊籍,44,81,125,木轮攻,1,伏焰,7,雷光波动,16,木轮强袭,22,虎咆阳炎,29,,,,,,,后选出阵,1,恢复技力(初),8,喝阻敌军(初),13,乱阵,20,恢复体力(中),28,增加经验(中),35,,,,,,,,,新野,野,江夏,野,江陵,登,直剑,圆 鱼 ,鱼,弓 ,弓,,,,,,,4,8,0
053,全琮,84,76,160,连弩,1,旋灯火,8,龙炮,13,乱飞矢,20,驷冲车,26,龙炮灭杀,33,,,,,离间计(初),1,诈败,8,喝阻敌军(初),16,太公阵,24,鼓舞士气(高),32,,,,,,,,,,,,,吴,野,建业,登,短锥枪,方 雁 钩 ,方,枪 炼 ,枪,,,,,,,4,4,0
054,全端,75,66,141,落石,1,回天术,9,神剑,16,火牛阵,24,滚石遽压,31,,,,,,,后选出阵,1,增加技力(初),10,强化武将(初),19,乱阵,29,,,,,,,,,,,,,,,,,建业,野,短锥枪,玄 ,玄,刀 ,刀,,,,,,,2,3,0
055,向朗,34,83,117,木轮攻,1,伏焰,7,伏兵排阵,14,后伏连兵,20,地泉鲸浪,28,火箭天袭,34,,,,,后选出阵,1,快速集气(初),7,扰乱敌将(中),13,减少疲劳(中),21,降敌士气(高),27,喝阻敌军(中),34,,,,,,,新野,野,襄阳,野,上庸,野,成都,登,直剑,方 玄 钩 ,方,武 ,武,,,,,,,3,7,0
056,向宠,72,72,144,刀剑乱,1,回天术,9,突袭石,18,生死门,26,,,,,,,,,减缓集气(初),1,恢复技力(初),8,扰乱敌将(中),16,太公阵,24,快速集气(中),33,,,,,,,,,,,新野,野,上庸,野,成都,登,眉尖刀,圆 ,圆,飞 弩 ,飞,,,,,,,4,2,0
057,忙牙长,72,38,110,突石,1,伏兵班阵,10,八面火转,18,火牛阵,28,,,,,,,,,减少疲劳(初),1,,,,,,,,,,,,,,,,,,,,,云南,登,云南,登,眉尖刀,圆 锥 钩 ,锥,蛮 ,蛮,,,,,,,1,15,0
058,朱治,62,53,115,突石,1,突石剑,21,,,,,,,,,,,,,鼓舞士气(初),1,增强攻击(初),22,,,,,,,,,,,,,下邳,登,长沙,登,予章,登,予章,登,江夏,登,铜殳,方 玄 ,方,炼 ,炼,,,,,,,4,4,0
059,朱桓,86,76,162,落日弓,1,突石剑,7,突剑四方,14,烈火旋灯,19,乱刀狂舞,25,神火旋张,32,炎墙,37,,,降敌士气(初),1,强化士兵(初),9,包围敌军,17,保护主将,24,增加技力(中),31,,,,,,,,,,,吴,登,会稽,登,江夏,登,眉尖刀,方 雁 ,方,铁 ,铁,,,,,,,5,6,0
060,朱异,58,44,102,落石,1,地茅刺,21,,,,,,,,,,,,,鼓舞士气(初),1,,,,,,,,,,,,,,,,,,,,,,,建业,野,短锥枪,圆 ,圆,刀 ,刀,,,,,,,3,5,0
061,朱然,76,42,118,突石,1,回天术,9,冰柱刺,15,烈火旋灯,23,八卦奇阵,31,,,,,,,扰乱敌将(初),1,,,,,,,,,,,,,,,,,,,予章,野,予章,登,建业,登,直剑,玄 ,玄,炼 ,炼,,,,,,,4,3,0
062,朱隽,75,64,139,旋龙,1,回天术,8,突袭石,17,地茅乱刺,23,驷冲车,31,,,,,,,保留气力(初),1,强化士兵(初),10,增加经验(初),20,劝降,29,,,,,,,,,长安,登,长安,登,,,,,,,直剑,玄 ,玄,贼 ,贼,,,,,,,4,12,0
063,朱灵,67,40,107,落石,1,地茅刺,12,地茅乱刺,24,,,,,,,,,,,后选出阵,1,,,,,,,,,,,,,,,,,,,洛阳,登,洛阳,登,天水,登,铜殳,箭 ,箭,枪 ,枪,,,,,,,4,11,0
064,朵思大王,81,67,148,落日弓,1,突石剑,8,龙炮,16,地茅乱刺,23,伏兵连阵,30,,,,,,,后选出阵,1,强化士兵(初),10,扰乱敌将(中),20,劝降,29,,,,,,,,,,,,,,,,,云南,登,眉尖刀,圆 锥 ,锥,蛮 ,蛮,,,,,,,2,15,0
065,何进,74,49,123,落石,1,伏兵班阵,8,突袭石,16,太极华阵,23,驷冲车,31,,,,,,,降敌士气(初),1,增加体力(初),23,,,,,,,,,,,,,洛阳,登,,,,,,,,,直剑,方 玄 ,玄,刀 ,刀,,,,,,,4,1,0
066,何仪,68,42,110,旋龙,1,突石剑,9,连弩激射,19,旋龙合璧,28,,,,,,,,,离间计(初),1,,,,,,,,,,,,,,,许昌,登,汝南,野,,,,,,,铜殳,方 圆 ,方,贼 ,贼,,,,,,,2,12,0
067,吴班,66,46,112,落日弓,1,八面火,9,连弩激射,18,旋龙合璧,27,,,,,,,,,扰乱敌将(初),1,,,,,,,,,,,,,,,,,,,永安,野,永安,野,永安,登,铜殳,玄 ,玄,刀 武 ,刀,,,,,,,4,15,0
068,吴纲,35,56,91,火箭,1,伏焰,22,,,,,,,,,,,,,降敌士气(初),1,增加技力(初),13,逼近敌军,27,,,,,,,,,,,,,,,,,,,汝南,野,直剑,方 ,方,枪 ,枪,,,,,,,2,9,0
069,吴质,43,68,111,地泉冲,1,火雷,12,地泉裂劲,24,,,,,,,,,,,鼓舞士气(初),1,增加技力(初),10,扰乱敌将(中),19,偷袭敌军,29,,,,,,,,,,,,,,,,,许昌,登,直剑,雁 ,雁,枪 铁 ,枪,,,,,,,4,9,0
070,吴兰,78,44,122,旋龙,1,伏兵班阵,8,神剑,15,乱飞矢,20,神剑闪,28,茅刺遍地,34,,,,,降敌士气(初),1,,,,,,,,,,,,,,,,,下弁,野,永安,登,江州,登,,,铜殳,方 ,方,刀 ,刀,,,,,,,3,2,0
071,吴懿,79,77,156,刀剑乱,1,八门金锁,8,连弩激射,16,火牛阵,24,乱刀狂舞,31,,,,,,,降敌士气(初),1,恢复技力(初),7,降敌士气(中),15,包围敌军,23,恢复技力(中),30,,,,,,,,,江州,登,梓潼,登,梓潼,登,梓潼,登,铜殳,方 雁 ,方,刀 ,刀,,,,,,,4,2,0
072,吕布,100,42,142,半月斩,1,旋灯火,6,冰柱刺,12,生死门,16,三圣华斩,22,炬石轰,28,神鬼乱舞,33,鬼哭神号,39,快速集气(初),1,,,,,,,,,,,,,,,新野,登,洛阳,登,,,,,,,短锥枪,圆 锥 ,锥,枪 ,枪,,,,,,,1,10,0
073,吕虔,67,43,110,飞矢,1,地茅刺,12,地茅乱刺,24,,,,,,,,,,,降敌士气(初),1,,,,,,,,,,,,,,,,,,,洛阳,登,襄阳,登,天水,登,短锥枪,锥 ,锥,弩 ,弩,,,,,,,4,2,0
074,吕翔,71,33,104,飞矢,1,鬼戟,10,冲车,19,烈火旋灯,27,,,,,,,,,后选出阵,1,,,,,,,,,,,,,,,,,,,北海,登,,,,,铜殳,锥 ,锥,刀 ,刀,,,,,,,2,2,0
075,吕义,73,68,141,连弩,1,伏兵班阵,8,突剑四方,16,冰柱群峰,24,神剑闪,31,,,,,,,扰乱敌将(初),1,恢复体力(初),10,鼓舞士气(中),18,劝降,28,,,,,,,,,,,,,梓潼,野,梓潼,野,汉中,登,铜殳,雁 ,雁,刀 炼 ,刀,,,,,,,4,2,0
076,吕蒙,85,90,175,落石,1,伏焰,6,冲车,12,木轮强袭,17,飞矢烈震,25,龙炮灭杀,30,炬石炼狱,37,,,快速集气(初),1,恢复技力(初),7,降敌士气(中),13,减少疲劳(中),19,降敌士气(高),24,强化武将(中),31,恢复技力(高),36,,,,,,,予章,登,鄱阳,登,江夏,登,直剑,方 玄 ,玄,刀 ,刀,孙坚,孙坚,孙权,孙权,孙权,,5,4,0
077,吕范,48,76,124,落月弓,1,火雷,8,虎咆,16,后伏连兵,25,后伏兵阵,32,,,,,,,保留气力(初),1,恢复体力(初),9,扰乱敌将(中),15,保护主将,24,离间计(中),31,,,,,,,,,予章,野,予章,登,庐江,登,建业,登,直剑,锥 鱼 ,锥,刀 ,刀,,,,,,,3,9,0
078,吕旷,71,36,107,落日弓,1,八面火,10,神剑,18,冰柱群峰,28,,,,,,,,,扰乱敌将(初),1,,,,,,,,,,,,,,,徐州,野,徐州,野,北海,登,,,,,短锥枪,冲 ,冲,炼 ,炼,,,,,,,1,5,0
079,宋宪,68,48,116,连弩,1,八门金锁,11,冰柱刺,24,,,,,,,,,,,降敌士气(初),1,恢复体力(初),25,,,,,,,,,,,,,濮阳,野,濮阳,野,,,,,,,铜殳,方 ,方,刀 ,刀,,,,,,,1,2,0
080,李典,80,81,161,刀剑乱,1,八门金锁,7,八面火转,15,太极华阵,22,神剑闪,29,,,,,,,扰乱敌将(初),1,增加体力(初),6,喝阻敌军(初),14,保护主将,21,降敌士气(高),28,增加体力(中),34,,,,,陈留,野,陈留,登,长安,登,南皮,登,,,短锥枪,方 圆 ,圆,枪 ,枪,,曹操,,,,,4,2,0
081,李恢,54,87,141,落月弓,1,火雷,7,虎咆震,14,地泉裂劲,20,虎咆阳炎,26,火箭天袭,33,,,,,保留气力(初),1,诈败,7,强化武将(初),13,太公阵,19,减缓集气(中),25,喝阻敌军(中),30,恢复技力(高),37,,,,,,,梓潼,野,梓潼,野,江州,登,铜殳,方 玄 ,方,铁 ,铁,,,,,,,4,7,0
082,李异,77,36,113,连弩,1,突石剑,8,八面火转,16,乱飞矢,23,神剑闪,31,,,,,,,离间计(初),1,,,,,,,,,,,,,,,,,庐江,野,建业,登,会稽,登,江夏,登,眉尖刀,锥 雁 ,锥,枪 ,枪,,,,,,,4,5,0
083,李肃,44,76,120,落月弓,1,雷击,8,雷光波动,17,炎龙无双,24,雷击闪,31,,,,,,,扰乱敌将(初),1,增加技力(初),9,鼓舞士气(中),15,乱阵,24,保留气力(中),31,,,,,,,弘农,登,洛阳,登,,,,,,,直剑,玄 ,玄,武 铁 ,武,,,,,,,1,9,0
084,李傕,74,38,112,落石,1,太极门,9,冲车,17,生死门,27,,,,,,,,,鼓舞士气(初),1,,,,,,,,,,,,,,,西凉,登,长安,登,,,,,,,眉尖刀,圆 钩 ,钩,枪 ,枪,,,,,,,1,2,0
085,李儒,42,91,133,地泉冲,1,炎龙,6,地泉裂劲,13,炎龙无双,19,炎龙杀阵,25,后伏兵阵,30,炎龙绝杀,36,,,后选出阵,1,诈败,6,化解计策,12,劝降,19,金蝉脱壳,25,增加经验(中),31,离间计(高),37,,,西凉,登,洛阳,登,,,,,,,直剑,雁 钩 ,雁,飞 ,飞,董卓,董卓,,,,,2,9,0
086,李鹏,76,42,118,飞矢,1,地茅刺,8,突袭石,16,生死门,23,驷冲车,32,,,,,,,保留气力(初),1,,,,,,,,,,,,,,,,,,,,,,,长安,野,铜殳,箭 ,箭,飞 ,飞,,,,,,,3,8,0
087,李严,82,79,161,突石,1,鬼戟,7,地茅刺,13,地茅乱刺,19,滚石遽压,26,炬石轰,33,,,,,减少疲劳(初),1,恢复体力(初),8,降敌士气(中),13,保护主将,20,增加技力(中),28,喝阻敌军(中),35,,,,,,,,,,,梓潼,登,梓潼,登,铜殳,方 圆 ,方,枪 ,枪,,,,,,,4,13,0
088,杜远,69,32,101,连弩,1,地茅刺,10,龙炮,19,乱飞矢,28,,,,,,,,,减少疲劳(初),1,,,,,,,,,,,,,,,平原,野,濮阳,野,,,,,,,短锥枪,雁 ,雁,铁 ,铁,,,,,,,1,13,0
089,步鹭,40,83,123,落月弓,1,雷击,7,雷光波动,13,地泉裂劲,20,虎咆阳炎,27,火箭天袭,33,,,,,快速集气(初),1,强化士兵(初),7,降敌士气(中),14,减少疲劳(中),19,恢复体力(中),27,增强攻击(中),34,,,,,,,,,予章,野,吴,登,庐江,登,直剑,雁 玄 ,雁,武 ,武,,,,,,,4,9,0
090,沙摩诃,92,25,117,半月斩,1,旋灯火,6,突剑四方,13,地茅乱刺,18,伏兵连阵,25,龙炮灭杀,31,炎墙,36,,,快速集气(初),1,,,,,,,,,,,,,,,,,,,,,,,武陵,登,眉尖刀,方 锥 ,锥,蛮 ,蛮,,,,,,,3,15,0
091,车胄,72,61,133,八面火,1,鬼戟,10,龙炮,18,乱飞矢,28,,,,,,,,,鼓舞士气(初),1,诈败,13,降敌士气(中),25,,,,,,,,,,,弘农,野,弘农,野,,,,,,,铜殳,方 玄 ,玄,刀 ,刀,,,,,,,1,1,0
092,辛毗,47,76,123,落月弓,1,虎咆,8,拒陆马,16,地泉裂劲,23,地泉鲸浪,31,,,,,,,降敌士气(初),1,增加技力(初),8,鼓舞士气(中),17,保护主将,23,保留气力(中),32,,,,,,,,,晋阳,野,南皮,登,代县,登,代县,登,直剑,箭 ,箭,炼 ,炼,,,,,,,3,11,0
093,辛评,65,76,141,火箭,1,雷击,8,火箭烈,16,后伏连兵,24,虎咆阳炎,32,,,,,,,扰乱敌将(初),1,增强攻击(初),8,强化武将(初),16,保护主将,23,快速集气(中),31,,,,,,,邺,登,邺,登,南皮,登,,,,,直剑,玄 钩 ,玄,铁 ,铁,,,,,,,3,9,0
094,邢道荣,79,44,123,突石,1,伏兵班阵,9,连弩激射,16,烈火旋灯,23,连弩狂涛,31,,,,,,,减缓集气(初),1,,,,,,,,,,,,,,,,,,,零陵,野,零陵,野,,,眉尖刀,玄 鱼 ,鱼,刀 ,刀,,,,,,,2,15,0
095,典韦,98,45,143,旋龙,1,鬼戟,5,八面火转,12,旋龙合璧,17,三日月斩,23,神火旋张,29,分身斩,34,五岳华斩,40,降敌士气(初),1,,,,,,,,,,,,,,,,,陈留,野,,,,,,,短锥枪,方 钩 ,方,关 ,关,,曹操,曹操,曹操,曹操,,5,6,0
096,卓膺,64,49,113,飞矢,1,鬼戟,13,突剑四方,24,,,,,,,,,,,减缓集气(初),1,增加技力(初),24,,,,,,,,,,,,,,,,,成都,野,永安,野,永安,登,铜殳,玄 ,玄,刀 ,刀,,,,,,,3,8,0
097,周昕,72,46,118,刀剑乱,1,八门金锁,10,冲车,19,烈火旋灯,28,,,,,,,,,后选出阵,1,,,,,,,,,,,,,,,会稽,野,会稽,登,,,,,,,短锥枪,冲 ,冲,弓 炼 ,炼,,,,,,,2,15,0
098,周仓,85,42,127,落日弓,1,地茅刺,7,突剑四方,14,火牛阵,20,连弩狂涛,28,茅刺遍地,34,,,,,后选出阵,1,,,,,,,,,,,,,,,陈留,登,濮阳,野,新野,登,长沙,登,江陵,登,眉尖刀,方 雁 ,方,贼 ,贼,,,,,,,5,13,0
099,周泰,82,67,149,连弩,1,突石剑,6,突剑四方,11,龙炮激射,18,滚石遽压,23,龙炮灭杀,28,集火柱,35,神鬼乱舞,40,保留气力(初),1,增加技力(初),10,包围敌军,19,太公阵,28,,,,,,,,,庐江,野,庐江,野,庐江,登,庐江,登,江夏,登,眉尖刀,方 圆 ,方,枪 ,枪,,孙坚,,,,,4,11,0
100,周瑜,78,98,176,落月弓,1,雷击,5,地泉裂劲,12,雷光振杀,16,黄龙天翔,23,炎龙杀阵,29,大地狂啸,34,天地无用,40,化解计策,1,增加经验(中),6,恢复体力(高),12,劝降,17,离间计(高),23,增加技力(高),28,强化士兵(高),34,强化武将(高),39,,,,,鄱阳,登,庐江,登,,,直剑,玄 鱼 ,玄,弓 ,弓,孙坚,孙坚,孙权,孙权,孙权,,6,10,0
101,周鲂,45,79,124,火箭,1,虎咆,8,伏兵排阵,15,虎咆阳炎,22,地泉鲸浪,31,,,,,,,离间计(初),1,强化士兵(初),7,逼近敌军,14,太公阵,22,降敌士气(高),28,增加经验(中),34,,,,,,,,,予章,野,吴,野,鄱阳,登,直剑,玄 ,玄,武 铁 ,武,,,,,,,4,9,0
102,孟达,73,72,145,刀剑乱,1,八门金锁,10,冲车,18,火牛阵,27,,,,,,,,,减少疲劳(初),1,混乱敌军(初),9,增强攻击(初),17,偷袭敌军,25,鼓舞士气(高),32,,,,,,,,,,,成都,野,成都,野,上庸,登,铜殳,玄 钩 ,钩,枪 ,枪,,,,,,,2,1,0
103,孟优,85,40,125,旋龙,1,伏兵班阵,7,突剑四方,15,旋龙合璧,20,伏兵连阵,27,神火旋张,33,,,,,扰乱敌将(初),1,,,,,,,,,,,,,,,,,,,,,,,云南,登,眉尖刀,方 圆 ,圆,蛮 ,蛮,,孟获,,孟获,孟获,,2,15,0
104,孟获,89,54,143,旋龙,1,突石剑,6,八面火转,12,火牛阵,18,滚石遽压,25,火牛群舞,32,神鬼乱舞,37,,,后选出阵,1,诈败,22,,,,,,,,,,,,,,,,,,,云南,登,云南,登,直剑,方 锥 ,锥,蛮 ,蛮,,,,,,,2,15,0
105,武安国,70,40,110,连弩,1,伏兵班阵,10,八面火转,19,地茅乱刺,28,,,,,,,,,降敌士气(初),1,,,,,,,,,,,,,,,北海,登,北海,登,,,,,,,眉尖刀,圆 玄 ,圆,铁 ,铁,,,,,,,4,6,0
106,法正,61,94,155,伏兵组阵,1,虎咆,7,御飞刀,13,地泉裂劲,18,黄龙天翔,23,火雷星雨,28,赤焰火海,34,五雷轰顶,40,降敌士气(初),1,增加体力(初),5,扰乱敌将(中),11,减少疲劳(中),17,恢复技力(中),23,混乱敌军(中),29,保留气力(高),35,混乱敌军(高),40,,,,,永安,登,永安,登,汉中,登,直剑,圆 玄 ,圆,铁 ,铁,,,,,,,4,9,0
107,沮授,66,90,156,地泉冲,1,雷击,7,虎咆震,13,木轮强袭,19,火雷爆,25,后伏兵阵,31,雷光燋狱,36,,,减少疲劳(初),1,增强攻击(初),7,增加经验(初),13,偷袭敌军,18,减缓集气(中),24,强化武将(中),31,减缓集气(高),36,,,南皮,野,邺,登,,,,,,,直剑,雁 玄 ,雁,铁 ,铁,,,,,,,6,9,0
108,沮鹄,57,64,121,地泉冲,1,伏焰,13,雷光波动,24,,,,,,,,,,,降敌士气(初),1,诈败,10,喝阻敌军(初),20,太公阵,29,,,,,,,,,,,,,平原,登,,,,,直剑,雁 ,雁,武 ,武,,,,,,,4,9,0
109,金旋,65,52,117,突石,1,突石剑,12,火牛阵,25,,,,,,,,,,,减缓集气(初),1,诈败,24,,,,,,,,,,,,,武陵,野,武陵,野,武陵,野,武陵,登,,,直剑,方 圆 ,圆,铁 ,铁,,,,,,,3,9,0
110,金环三结,78,40,118,落日弓,1,回天术,7,八面火转,16,地茅乱刺,24,滚石遽压,30,,,,,,,保留气力(初),1,,,,,,,,,,,,,,,,,,,,,,,云南,登,铜殳,方 玄 ,方,藤 ,藤,,,,,,,2,15,0
111,阿会喃,78,42,120,飞矢,1,伏兵班阵,9,冲车,16,烈火旋灯,24,驷冲车,31,,,,,,,减缓集气(初),1,,,,,,,,,,,,,,,,,,,,,云南,登,云南,登,眉尖刀,方 玄 ,方,藤 ,藤,,,,,,,4,15,0
112,侯成,71,47,118,落石,1,八门金锁,10,八面火转,18,乱飞矢,27,,,,,,,,,鼓舞士气(初),1,,,,,,,,,,,,,,,濮阳,野,濮阳,野,徐州,登,弘农,登,安定,登,短锥枪,玄 ,玄,炼 弩 ,弩,,,,,,,2,2,0
113,姜维,93,96,189,落日弓,1,火雷,6,龙炮,12,木轮强袭,17,黄龙天翔,24,三圣华斩,28,大地狂啸,35,狂雷天牢,41,化解计策,1,增加经验(中),7,增加体力(中),12,劝降,18,十面埋伏,23,增加技力(高),28,混乱敌军(高),35,喝阻敌军(高),40,,,,,,,,,天水,登,短锥枪,方 圆 雁 鱼 ,鱼,枪 弓 ,枪,,,,,,,5,13,0
114,皇甫嵩,69,73,142,木轮攻,1,伏焰,10,火箭烈,18,火雷爆,27,,,,,,,,,降敌士气(初),1,诈败,8,鼓舞士气(中),15,太公阵,24,恢复技力(中),31,,,,,,,弘农,登,弘农,登,,,,,,,直剑,圆 鱼 ,鱼,刀 ,刀,,,,,,,3,1,0
115,纪灵,85,36,121,连弩,1,八门金锁,7,连弩激射,13,火牛阵,20,伏兵连阵,27,茅刺遍地,34,,,,,减少疲劳(初),1,,,,,,,,,,,,,,,宛,野,宛,登,,,,,,,短锥枪,锥 鱼 ,锥,刀 ,刀,,袁术,,,,,4,13,0
116,胡车儿,74,58,132,飞矢,1,鬼戟,9,冰柱刺,19,乱飞矢,27,,,,,,,,,离间计(初),1,增加技力(初),13,逼近敌军,27,,,,,,,,,,,,,,,洛阳,登,,,,,铜殳,钩 ,钩,飞 ,飞,,,,,,,3,11,0
117,胡班,68,52,120,飞矢,1,旋灯火,13,突袭石,24,,,,,,,,,,,鼓舞士气(初),1,增加技力(初),23,,,,,,,,,,,,,,,,,宛,野,江夏,登,江陵,登,眉尖刀,钩 ,钩,飞 ,飞,,,,,,,4,2,0
118,范疆,61,47,108,突石,1,旋灯火,20,,,,,,,,,,,,,减缓集气(初),1,,,,,,,,,,,,,,,,,,,新野,登,江夏,登,梓潼,登,眉尖刀,圆 ,圆,刀 弓 ,弓,,,,,,,1,2,0
119,凌统,83,60,143,连弩,1,伏兵班阵,7,神剑,13,冰柱群峰,21,驷冲车,26,飞矢烈震,34,,,,,保留气力(初),1,增强攻击(初),13,强化武将(初),25,,,,,,,,,,,,,,,,,予章,登,建业,登,短锥枪,鱼 钩 ,钩,刀 ,刀,,,,,,,5,10,0
120,凌操,82,48,130,飞矢,1,鬼戟,7,冰柱刺,14,龙炮,21,神剑闪,28,火牛群舞,34,,,,,后选出阵,1,混乱敌军(初),25,,,,,,,,,,,,,,,予章,野,予章,登,,,,,铜殳,方 鱼 ,方,枪 ,枪,,,,,,,3,10,0
121,夏侯玄,44,76,120,地泉冲,1,炎龙,8,雷光波动,15,后伏连兵,23,地泉鲸浪,31,,,,,,,减缓集气(初),1,恢复体力(初),7,增加经验(初),16,偷袭敌军,24,鼓舞士气(高),31,,,,,,,,,,,,,,,邺,野,直剑,冲 ,冲,刀 飞 ,刀,,,,,,,6,2,0
122,夏侯和,62,85,147,伏兵组阵,1,炎龙,7,伏兵排阵,14,雷光振杀,21,虎咆阳炎,26,炎龙杀阵,33,,,,,离间计(初),1,增加技力(初),8,扰乱敌将(中),13,保留气力(中),26,减少疲劳(高),32,减缓集气(高),38,,,,,,,,,,,,,长安,野,眉尖刀,钩 ,钩,枪 ,枪,,,,,,,5,2,0
123,夏侯尚,73,68,141,落石,1,八门金锁,9,龙炮,18,烈火旋灯,27,,,,,,,,,降敌士气(初),1,恢复体力(初),10,逼近敌军,19,乱阵,29,,,,,,,,,,,,,,,长安,登,长安,登,铜殳,圆 雁 钩 ,圆,炼 铁 ,炼,,,,,,夏侯渊,4,8,0
124,夏侯威,77,70,147,刀剑乱,1,太极门,8,冰柱刺,16,烈火旋灯,23,太极华阵,30,,,,,,,鼓舞士气(初),1,增加技力(初),9,降敌士气(中),16,劝降,25,快速集气(中),33,,,,,,,,,,,,,,,徐州,野,眉尖刀,圆 ,圆,枪 弩 ,弩,,,,,,,5,2,0
125,夏侯恩,72,58,130,突石,1,太极门,9,突袭石,19,地茅乱刺,27,,,,,,,,,减缓集气(初),1,强化士兵(初),13,增加经验(初),26,,,,,,,,,,,,,陈留,野,许昌,登,,,,,直剑,方 雁 ,方,弓 ,弓,,曹操,曹操,曹操,曹操,,3,2,0
126,夏侯惇,96,70,166,落日弓,1,地茅刺,6,冲车,13,烈火旋灯,19,八卦奇阵,23,三圣华斩,28,火牛群舞,35,鬼哭神号,40,减缓集气(初),1,增强攻击(初),8,扰乱敌将(中),16,劝降,25,恢复技力(中),33,,,,,,,陈留,野,陈留,登,长安,登,江陵,登,新野,登,短锥枪,锥 玄 ,锥,枪 ,枪,,曹操,曹操,曹操,曹操,,6,1,0
127,夏侯渊,93,60,153,连弩,1,太极门,6,连弩激射,12,火牛阵,18,伏兵连阵,25,炬石轰,30,炎墙,36,,,减缓集气(初),1,诈败,13,增加经验(初),26,,,,,,,,,,,陈留,野,陈留,登,徐州,登,长安,登,,,短锥枪,方 圆 ,方,枪 ,枪,,曹操,曹操,曹操,曹操,,5,2,0
128,夏侯楙,63,48,111,突石,1,回天术,13,突袭石,25,,,,,,,,,,,降敌士气(初),1,混乱敌军(初),25,,,,,,,,,,,,,,,,,,,长安,登,宛,登,短锥枪,玄 ,玄,刀 弩 ,刀,,,,,,,2,6,0
129,夏侯德,68,66,134,突石,1,伏兵班阵,13,突剑四方,24,,,,,,,,,,,快速集气(初),1,混乱敌军(初),9,鼓舞士气(中),19,包围敌军,28,,,,,,,,,,,,,,,许昌,登,,,眉尖刀,方 ,方,枪 ,枪,,,,,,,4,2,0
130,夏侯霸,90,68,158,八面火,1,鬼戟,6,突袭石,12,火牛阵,18,太极华阵,24,火牛群舞,31,剑轮舞,37,,,减少疲劳(初),1,诈败,9,喝阻敌军(初),19,乱阵,29,,,,,,,,,,,,,,,,,寿春,登,眉尖刀,方 雁 ,方,刀 炼 ,刀,,,,,,夏侯渊,4,2,0
131,孙尚香,82,74,156,落日弓,1,伏兵班阵,8,冲车,14,乱飞矢,20,伏兵连阵,28,炬石轰,33,,,,,减缓集气(初),1,混乱敌军(初),8,降敌士气(中),15,乱阵,25,鼓舞士气(高),31,,,,,,,,,,,,,予章,野,建业,野,直剑,锥 雁 鱼 ,鱼,弓 女 ,女,孙坚,孙坚,孙权,孙权,孙权,孙坚,6,14,1
132,孙朗,62,44,106,飞矢,1,地茅刺,21,,,,,,,,,,,,,保留气力(初),1,,,,,,,,,,,,,,,,,,,,,予章,登,吴,登,铜殳,玄 ,玄,炼 飞 ,炼,,,,,,,4,11,0
133,孙桓,75,72,147,八面火,1,八门金锁,8,冰柱刺,16,冰柱群峰,24,太极华阵,31,,,,,,,减少疲劳(初),1,增加体力(初),8,扰乱敌将(中),16,减少疲劳(中),25,减缓集气(中),33,,,,,,,,,,,,,,,庐江,登,眉尖刀,钩 ,钩,弓 武 ,武,,,,,,,4,2,0
134,孙乾,41,80,121,命疗术,1,虎咆,7,火箭烈,15,雷光振杀,24,火雷爆,30,,,,,,,后选出阵,1,快速集气(初),7,增加经验(初),13,太公阵,20,减缓集气(中),28,减少疲劳(高),35,,,,,,,下邳,登,新野,登,江夏,登,汉中,登,直剑,雁 钩 ,雁,铁 ,铁,,,,,,,4,9,0
135,孙坚,94,85,179,落石,1,回天术,7,八面火转,13,火牛阵,17,连弩狂涛,24,飞矢烈震,29,旋龙天舞,36,集火柱,40,后选出阵,1,增加体力(初),6,化解计策,14,包围敌军,19,恢复技力(中),25,强化士兵(中),33,快速集气(高),39,,,下邳,登,长沙,登,,,,,,,直剑,锥 钩 ,锥,刀 ,刀,,,,,,,4,8,0
136,孙翊,81,53,134,突石,1,旋灯火,9,冲车,14,烈火旋灯,22,连弩狂涛,30,,,,,,,后选出阵,1,强化士兵(初),22,,,,,,,,,,,,,,,,,建业,登,,,,,眉尖刀,方 玄 ,玄,刀 ,刀,孙坚,孙坚,孙权,孙权,孙权,孙坚,4,2,0
137,孙登,33,85,118,伏兵组阵,1,火雷,7,御飞刀,14,木轮强袭,20,绝命坝,27,赤焰洪流,33,,,,,离间计(初),1,恢复技力(初),7,逼近敌军,13,乱阵,20,鼓舞士气(高),26,喝阻敌军(中),33,减缓集气(高),39,,,,,,,,,,,庐江,野,直剑,方 ,方,飞 ,飞,,,,,,,5,8,0
138,孙皓,79,65,144,突石,1,伏兵班阵,8,神剑,16,龙炮激射,22,伏兵连阵,30,,,,,,,减缓集气(初),1,诈败,9,扰乱敌将(中),20,劝降,29,,,,,,,,,,,,,,,,,建业,野,铜殳,箭 ,箭,弓 ,弓,,,,,,,1,8,0
139,孙策,95,83,178,刀剑乱,1,太极门,7,突剑四方,11,地茅乱刺,18,乱刀狂舞,24,火牛群舞,30,分身斩,34,日月轮斩,40,保留气力(初),1,诈败,6,增加经验(初),15,劝降,20,快速集气(中),26,混乱敌军(中),34,,,,,,,长沙,登,,,,,,,短锥枪,方 钩 ,方,枪 ,枪,孙坚,孙坚,孙权,孙权,孙权,孙坚,5,10,0
140,孙韶,82,64,146,落石,1,旋灯火,8,突袭石,14,龙炮激射,21,伏兵连阵,28,飞矢烈震,35,,,,,减少疲劳(初),1,增加体力(初),11,强化武将(初),21,保护主将,30,,,,,,,,,,,,,,,予章,登,庐江,登,铜殳,方 玄 钩 ,方,刀 ,刀,孙坚,孙坚,孙权,孙权,孙权,,3,4,0
141,孙静,55,77,132,木轮攻,1,雷击,9,雷光波动,16,地泉裂劲,24,雷光振杀,31,,,,,,,快速集气(初),1,增强攻击(初),9,逼近敌军,15,乱阵,24,快速集气(中),31,,,,,,,下邳,登,长沙,登,会稽,登,予章,登,长沙,登,直剑,圆 鱼 ,圆,弓 ,弓,孙坚,孙坚,孙权,孙权,孙权,,4,8,0
142,孙礼,69,67,136,落石,1,突石剑,9,突袭石,19,龙炮激射,28,,,,,,,,,保留气力(初),1,强化士兵(初),10,增加经验(初),20,偷袭敌军,29,,,,,,,,,,,,,徐州,登,代县,登,代县,野,眉尖刀,锥 ,锥,弓 武 ,武,,,,,,,4,5,0
143,孙权,85,88,173,木轮攻,1,雷击,7,火箭烈,13,木轮强袭,19,黄龙天翔,24,火箭天袭,32,大地狂啸,38,,,离间计(初),1,快速集气(初),7,增加经验(初),14,太公阵,19,增加技力(中),26,增加经验(中),31,保留气力(高),38,,,,,,,建业,登,予章,登,建业,登,直剑,圆 鱼 ,圆,刀 ,刀,孙坚,孙坚,孙权,,,孙坚,5,8,0
144,徐晃,93,70,163,落日弓,1,旋灯火,6,突剑四方,13,烈火旋灯,18,太极华阵,24,神火旋张,30,神鬼乱舞,37,,,离间计(初),1,增加体力(初),9,扰乱敌将(中),17,劝降,25,快速集气(中),33,,,,,,,,,濮阳,野,汝南,登,洛阳,登,徐州,登,眉尖刀,方 钩 ,方,刀 ,刀,,曹操,曹操,曹操,曹操,,4,1,0
145,徐庶,66,97,163,命疗术,1,火雷,6,雷光波动,12,木轮强袭,18,黄龙天翔,22,雷击闪,28,木轮涛击,34,五雷轰顶,39,扰乱敌将(初),1,增加技力(初),7,扰乱敌将(中),11,包围敌军,17,快速集气(中),22,扰乱敌将(高),28,封武将技,33,增加经验(高),39,,,,,新野,野,宛,登,徐州,登,直剑,雁 玄 ,雁,弓 ,弓,,,,,,,4,9,0
146,徐盛,76,74,150,火箭,1,火雷,8,虎咆震,14,地泉裂劲,21,地泉鲸浪,27,火雷星雨,34,,,,,后选出阵,1,混乱敌军(初),7,降低士气(中),14,乱阵,20,鼓舞士气(高),28,增强攻击(中),33,,,,,,,,,下邳,野,庐江,登,建业,登,铜殳,玄 钩 ,钩,炼 ,炼,,,,,,,4,8,0
147,徐荣,80,43,123,突石,1,回天术,8,八面火转,16,火牛阵,22,乱刀狂舞,31,,,,,,,离间计(初),1,,,,,,,,,,,,,,,西凉,登,弘农,登,,,,,,,眉尖刀,锥 玄 ,玄,刀 ,刀,董卓,董卓,,,,,3,7,0
148,徐质,66,40,106,飞矢,1,八面火,12,冰柱刺,24,,,,,,,,,,,降敌士气(初),1,,,,,,,,,,,,,,,,,,,,,,,天水,野,眉尖刀,方 ,方,刀 铁 ,刀,,,,,,,2,13,0
149,桓范,41,86,127,地泉冲,1,火雷,7,火箭烈,13,后伏连兵,21,绝命坝,26,火箭天袭,33,,,,,保留气力(初),1,增强攻击(初),6,逼近敌军,13,太公阵,19,保留气力(中),26,减少疲劳(高),30,减缓集气(高),38,,,,,,,,,,,新野,野,直剑,方 圆 玄 ,方,刀 飞 ,刀,,,,,,,4,9,0
150,祖茂,74,65,139,连弩,1,旋灯火,9,突剑四方,17,地茅乱刺,27,,,,,,,,,后选出阵,1,强化士兵(初),11,扰乱敌将(中),19,包围敌军,30,,,,,,,,,下邳,登,长沙,登,,,,,,,直剑,锥 钩 ,锥,飞 ,飞,,,,,,,5,1,0
151,祝融夫人,83,42,125,刀剑乱,1,鬼戟,7,回天术,14,龙炮激射,20,伏兵连阵,28,剑轮舞,33,,,,,快速集气(初),1,,,,,,,,,,,,,,,,,,,,,云南,登,云南,登,短锥枪,圆 锥 ,锥,女 ,女,,孟获,,孟获,孟获,,2,14,0
152,秦宓,36,79,115,火箭,1,炎龙,9,拒陆马,15,雷光振杀,23,虎咆阳炎,30,,,,,,,扰乱敌将(初),1,诈败,7,扰乱敌将(中),13,保护主将,22,降敌士气(高),28,增强攻击(中),34,,,,,,,,,成都,登,成都,登,上庸,登,直剑,圆 ,圆,弓 ,弓,,,,,,,5,8,0
153,耿纪,43,80,123,落月弓,1,火雷,8,拒陆马,15,伏兵排阵,22,火雷爆,30,,,,,,,离间计(初),1,强化士兵(初),8,喝阻敌军(初),14,包围敌军,21,保留气力(中),27,增强攻击(中),34,,,,,,,,,,,洛阳,登,,,直剑,方 ,方,刀 弓 ,弓,,,,,,,6,5,0
154,荀攸,52,95,147,地泉冲,1,虎咆,6,御飞刀,11,伏兵排阵,18,虎咆阳炎,23,炎龙杀阵,29,后伏军阵,34,五雷轰顶,41,离间计(初),1,诈败,6,扰乱敌将(中),12,减少疲劳(中),17,降敌士气(高),23,增加体力(中),30,快速集气(高),35,增强攻击(高),41,许昌,野,许昌,野,汝南,登,襄阳,登,,,直剑,圆 鱼 ,圆,铁 ,铁,,,,,,,4,9,0
155,荀彧,46,98,144,木轮攻,1,炎龙,7,火箭烈,12,炎龙无双,17,火雷爆,23,后伏兵阵,28,雷光燋狱,33,炎龙绝杀,40,降敌士气(初),1,增加技力(初),5,喝阻敌军(初),12,乱阵,17,恢复体力(中),23,扰乱敌将(高),28,恢复体力(高),34,混乱敌军(高),39,许昌,野,许昌,野,许昌,登,新野,登,,,直剑,圆 雁 ,圆,弓 ,弓,,,,,,,6,9,0
156,袁尚,71,50,121,飞矢,1,回天术,9,地茅刺,19,旋龙合璧,27,,,,,,,,,减缓集气(初),1,快速集气(初),24,,,,,,,,,,,,,,,南皮,登,襄平,登,,,,,直剑,方 锥 ,方,飞 ,飞,,袁绍,袁绍,,,袁绍,4,3,0
157,袁胤,43,68,111,火箭,1,虎咆,12,御飞刀,23,,,,,,,,,,,离间计(初),1,诈败,11,降敌士气(中),20,减少疲劳(中),29,,,,,,,,,洛阳,野,宛,登,,,,,,,直剑,玄 ,玄,铁 ,铁,,,,,,,3,9,0
158,袁绍,81,77,158,落石,1,突石剑,7,神剑,14,地茅乱刺,22,乱刀狂舞,29,,,,,,,鼓舞士气(初),1,诈败,7,强化武将(初),16,劝降,23,恢复体力(中),31,,,,,,,洛阳,登,南皮,登,南皮,登,,,,,眉尖刀,圆 雁 ,圆,刀 ,刀,,,,,,,2,8,0
159,袁术,75,70,145,飞矢,1,鬼戟,9,龙炮,15,乱飞矢,24,太极华阵,32,,,,,,,降敌士气(初),1,恢复体力(初),8,增加经验(初),17,劝降,24,恢复技力(中),33,,,,,,,洛阳,野,宛,登,,,,,,,短锥枪,方 玄 ,方,弓 ,弓,,,,,,,2,8,0
160,袁熙,64,70,134,地泉冲,1,火雷,10,雷光波动,18,地泉裂劲,28,,,,,,,,,减缓集气(初),1,增加体力(初),8,强化武将(初),16,劝降,25,增加技力(中),32,,,,,,,,,南皮,登,代县,登,,,,,直剑,方 锥 ,锥,铁 ,铁,,袁绍,袁绍,,,袁绍,4,2,0
161,袁谭,65,52,117,连弩,1,突石剑,12,突剑四方,25,,,,,,,,,,,保留气力(初),1,增加体力(初),23,,,,,,,,,,,,,,,南皮,登,北海,登,,,,,铜殳,圆 玄 ,圆,刀 ,刀,,袁绍,袁绍,,,袁绍,3,13,0
162,迷当大王,81,49,130,刀剑乱,1,八门金锁,7,冲车,14,生死门,21,八卦奇阵,30,,,,,,,保留气力(初),1,混乱敌军(初),23,,,,,,,,,,,,,,,,,,,,,西凉,登,眉尖刀,锥 ,锥,枪 弓 ,枪,,,,,,,3,8,0
163,郝昭,82,86,168,木轮攻,1,伏焰,7,火箭烈,13,伏兵排阵,19,火雷爆,25,炎龙杀阵,31,赤焰火海,37,,,后选出阵,1,强化士兵(初),7,逼近敌军,13,保护主将,19,快速集气(中),25,增强攻击(中),32,减缓集气(高),37,,,,,,,洛阳,登,陈留,登,平原,登,直剑,方 圆 ,方,铁 ,铁,,,,,,,6,10,0
164,马休,68,44,112,刀剑乱,1,旋灯火,13,龙炮,24,,,,,,,,,,,降敌士气(初),1,,,,,,,,,,,,,,,,,,,天水,登,天水,登,,,短锥枪,鱼 ,鱼,枪 炼 ,枪,,,,,,,4,13,0
165,马良,42,92,134,地泉冲,1,雷击,6,雷光波动,12,后伏连兵,19,地泉鲸浪,25,火箭天袭,31,后伏军阵,37,,,减少疲劳(初),1,增加体力(初),6,强化武将(初),12,劝降,19,减缓集气(中),25,强化武将(中),30,快速集气(高),37,,,,,,,,,江夏,野,江陵,登,直剑,圆 玄 鱼 ,鱼,弓 ,弓,,,,,,,4,9,0
166,马岱,85,52,137,八面火,1,回天术,8,冰柱刺,13,龙炮激射,20,三日月斩,26,火牛群舞,34,,,,,快速集气(初),1,混乱敌军(初),23,,,,,,,,,,,,,,,,,天水,登,天水,登,永安,登,短锥枪,锥 钩 ,锥,枪 ,枪,,马腾,马腾,马腾,,,4,3,0
167,马忠,64,54,118,飞矢,1,八门金锁,12,龙炮,25,,,,,,,,,,,快速集气(初),1,诈败,23,,,,,,,,,,,,,,,,,鄱阳,登,鄱阳,登,长沙,登,眉尖刀,方 ,方,弓 飞 ,飞,,,,,,,5,2,0
168,马玩,70,42,112,连弩,1,太极门,10,龙炮,19,地茅乱刺,28,,,,,,,,,降敌士气(初),1,,,,,,,,,,,,,,,,,西凉,登,西凉,登,西凉,登,,,短锥枪,锥 ,锥,飞 ,飞,,,,,,,1,2,0
169,马超,98,48,146,半月斩,1,八门金锁,6,突袭石,12,烈火旋灯,17,三日月斩,23,炬石轰,28,分身斩,34,五岳华斩,39,快速集气(初),1,增加体力(初),24,,,,,,,,,,,,,,,,,西凉,登,天水,登,梓潼,登,短锥枪,方 锥 ,方,枪 ,枪,,马腾,马腾,马腾,,马腾,4,4,0
170,马谡,74,86,160,伏兵组阵,1,拒陆马,6,御飞刀,13,木轮强袭,20,火箭天袭,28,火雷星雨,33,,,,,减少疲劳(初),1,增加技力(初),6,增加经验(初),14,保护主将,20,增加技力(中),24,减少疲劳(高),32,减缓集气(高),38,,,,,,,,,襄阳,野,永安,登,直剑,方 雁 鱼 ,鱼,刀 弓 ,弓,,,,,,,4,13,0
171,马腾,91,61,152,落石,1,突石剑,6,突剑四方,12,地茅乱刺,19,伏兵连阵,24,茅刺遍地,31,炬石炼狱,36,,,减缓集气(初),1,增加体力(初),14,逼近敌军,26,,,,,,,,,,,西凉,野,西凉,登,西凉,登,西凉,登,,,眉尖刀,锥 雁 ,雁,炼 ,炼,,,,,,,5,11,0
172,马铁,68,38,106,八面火,1,八门金锁,11,突剑四方,24,,,,,,,,,,,后选出阵,1,,,,,,,,,,,,,,,,,,,西凉,登,天水,登,,,铜殳,锥 ,锥,炼 武 ,武,,,,,,,4,2,0
173,高沛,64,43,107,八面火,1,伏兵班阵,12,连弩激射,25,,,,,,,,,,,减少疲劳(初),1,,,,,,,,,,,,,,,,,梓潼,登,梓潼,登,梓潼,登,,,铜殳,方 ,方,炼 ,炼,刘焉,刘焉,刘璋,刘璋,,,3,2,0
174,高定,67,46,113,飞矢,1,鬼戟,12,冲车,23,,,,,,,,,,,减少疲劳(初),1,,,,,,,,,,,,,,,,,,,,,建宁,野,江州,登,短锥枪,玄 ,玄,弩 ,弩,,,,,,,3,11,0
175,高顺,82,59,141,连弩,1,突石剑,8,突剑四方,13,龙炮,20,滚石遽压,28,滚石怒冲,34,,,,,后选出阵,1,强化士兵(初),13,鼓舞士气(中),26,,,,,,,,,,,濮阳,野,濮阳,野,,,,,,,铜殳,方 钩 ,方,刀 ,刀,,,,,,,4,11,0
176,高干,64,63,127,连弩,1,八门金锁,13,神剑,24,,,,,,,,,,,减缓集气(初),1,强化士兵(初),10,鼓舞士气(中),20,偷袭敌军,29,,,,,,,,,,,南皮,登,邺,登,,,,,眉尖刀,冲 ,冲,刀 弩 ,弩,,,,,,,3,2,0
177,高览,75,55,130,八面火,1,回天术,8,八面火转,16,乱飞矢,24,神剑闪,32,,,,,,,离间计(初),1,强化士兵(初),13,降敌士气(中),26,,,,,,,,,,,南皮,野,南皮,登,濮阳,登,,,,,铜殳,方 ,方,飞 ,飞,,,,,,,3,2,0
178,带来洞主,73,32,105,突石,1,八门金锁,10,连弩激射,18,地茅乱刺,27,,,,,,,,,减少疲劳(初),1,,,,,,,,,,,,,,,,,,,,,云南,登,云南,登,短锥枪,圆 ,圆,铁 弩 ,铁,,,,,,,1,1,0
179,张允,64,67,131,木轮攻,1,火雷,11,火箭烈,24,,,,,,,,,,,后选出阵,1,恢复体力(初),9,扰乱敌将(中),19,保护主将,29,,,,,,,,,江夏,野,江夏,野,襄阳,野,江陵,登,,,眉尖刀,方 ,方,武 弩 ,弩,,,,,,,2,2,0
180,张任,80,75,155,落石,1,突石剑,7,突剑四方,13,冰柱群峰,18,神剑闪,25,滚石怒冲,31,冰岚刃舞,37,,,后选出阵,1,恢复技力(初),9,喝阻敌军(初),16,包围敌军,23,快速集气(中),32,,,,,,,,,成都,登,梓潼,登,江州,登,,,铜殳,玄 钩 ,钩,炼 ,炼,刘焉,刘焉,刘璋,刘璋,,,6,10,0
181,张角,56,95,151,刀剑乱,1,太极门,7,神剑,11,生死门,18,神剑闪,23,剑轮舞,30,地狱之门,34,炎墙烈烧,41,恢复技力(初),1,增加技力(初),7,快速集气(中),12,恢复技力(中),18,增加技力(中),23,保留气力(高),29,恢复技力(高),34,增加技力(高),40,平原,登,,,,,,,,,直剑,玄 鱼 ,鱼,贼 ,贼,,,,,,,2,1,0
182,张松,37,92,129,落月弓,1,伏焰,7,火箭烈,12,雷光振杀,19,虎咆阳炎,25,后伏兵阵,31,赤焰洪流,36,,,降敌士气(初),1,快速集气(初),6,扰乱敌将(中),13,乱阵,18,快速集气(中),25,强化士兵(中),30,减缓集气(高),37,,,,,,,成都,登,成都,登,,,直剑,雁 玄 ,玄,武 ,武,,,,,,,4,9,0
183,张虎,72,55,127,飞矢,1,伏兵班阵,10,突剑四方,19,太极华阵,28,,,,,,,,,保留气力(初),1,增加体力(初),14,增加经验(初),26,,,,,,,,,,,,,,,,,,,寿春,登,铜殳,圆 ,圆,飞 铁 ,铁,,,,,,,2,11,0
184,张昭,36,94,130,伏兵组阵,1,炎龙,7,虎咆震,12,炎龙无双,17,黄龙天翔,24,炎龙怒涛,28,大地狂啸,35,狂雷天牢,40,降敌士气(初),1,强化士兵(初),6,逼近敌军,13,减少疲劳(中),18,快速集气(中),23,强化武将(中),29,减缓集气(高),34,强化士兵(高),41,,,,,建业,登,予章,登,建业,登,直剑,方 圆 雁 ,圆,弓 ,弓,孙坚,孙坚,孙权,孙权,孙权,,3,7,0
185,张英,73,40,113,旋龙,1,八门金锁,9,突剑四方,19,龙炮激射,28,,,,,,,,,减缓集气(初),1,,,,,,,,,,,,,,,寿春,登,寿春,登,,,,,,,眉尖刀,方 ,方,炼 ,炼,,,,,,,3,2,0
186,张苞,86,45,131,落日弓,1,地茅刺,7,突剑四方,14,旋龙合璧,20,滚石遽压,25,茅刺遍地,31,分身斩,38,,,快速集气(初),1,,,,,,,,,,,,,,,,,,,,,江夏,登,梓潼,登,铜殳,方 锥 ,锥,枪 炼 ,枪,,刘备,刘备,刘备,刘备,张飞,3,2,0
187,张郃,93,67,160,落日弓,1,旋灯火,7,冰柱刺,12,生死门,19,伏兵连阵,24,龙炮灭杀,31,冰岚刃舞,36,,,降敌士气(初),1,增加技力(初),10,扰乱敌将(中),19,偷袭敌军,29,,,,,,,,,,,代县,登,濮阳,登,襄阳,登,天水,登,短锥枪,方 玄 ,方,刀 ,刀,,,,,,,4,13,0
188,张飞,99,51,150,连弩,1,冰柱刺,7,龙炮,11,龙炮激射,17,三日月斩,24,滚石怒冲,28,神剑闪华,33,神鬼乱舞,39,保留气力(初),1,增加技力(初),24,,,,,,,,,,,,,代县,登,平原,登,新野,登,江夏,登,梓潼,登,铜殳,方 锥 ,方,枪 ,枪,,刘备,刘备,刘备,刘备,,6,6,0
189,张纮,35,89,124,地泉冲,1,伏焰,7,御飞刀,12,雷光振杀,19,地泉鲸浪,25,炎龙怒涛,30,后伏军阵,38,,,鼓舞士气(初),1,恢复体力(初),6,增加经验(初),12,乱阵,19,快速集气(中),26,减少疲劳(高),31,恢复体力(高),37,,,,,,,吴,登,建业,登,,,直剑,圆 鱼 ,鱼,弓 ,弓,孙坚,孙坚,孙权,孙权,孙权,,5,7,0
190,张梁,84,62,146,旋龙,1,八面火,8,龙炮,13,生死门,20,八卦奇阵,27,火牛群舞,34,,,,,后选出阵,1,强化士兵(初),13,鼓舞士气(中),26,,,,,,,,,,,许昌,登,,,,,,,,,短锥枪,锥 玄 ,锥,贼 ,贼,,,,,,,2,12,0
191,张绍,48,73,121,地泉冲,1,伏焰,9,伏兵排阵,18,木轮强袭,27,,,,,,,,,快速集气(初),1,增强攻击(初),8,鼓舞士气(中),17,乱阵,24,保留气力(中),31,,,,,,,,,,,,,,,梓潼,野,直剑,雁 ,雁,枪 ,枪,,,,,,,4,9,0
192,张温,31,70,101,命疗术,1,雷击,9,御飞刀,18,伏兵排阵,27,,,,,,,,,保留气力(初),1,恢复技力(初),9,扰乱敌将(中),16,包围敌军,24,快速集气(中),33,,,,,,,,,,,,,,,许昌,登,直剑,冲 ,冲,刀 ,刀,,,,,,,3,9,0
193,张达,54,38,92,落石,1,突袭石,22,,,,,,,,,,,,,减少疲劳(初),1,,,,,,,,,,,,,,,,,,,新野,登,江夏,登,梓潼,登,短锥枪,雁 ,雁,枪 ,枪,,,,,,,1,11,0
194,张卫,76,38,114,八面火,1,八门金锁,8,龙炮,16,烈火旋灯,25,伏兵连阵,31,,,,,,,鼓舞士气(初),1,,,,,,,,,,,,,,,,,汉中,野,汉中,登,汉中,登,,,铜殳,玄 ,玄,武 ,武,,,,,,,4,4,0
195,张鲁,65,83,148,木轮攻,1,火雷,7,拒陆马,14,木轮强袭,20,火雷爆,28,后伏兵阵,33,,,,,降敌士气(初),1,增强攻击(初),8,鼓舞士气(中),13,太公阵,21,恢复体力(中),27,喝阻敌军(中),34,,,,,,,汉中,野,汉中,登,汉中,登,谯,登,直剑,鱼 钩 ,钩,铁 ,铁,,,,,,,4,9,0
196,张勋,69,63,132,落日弓,1,太极门,9,冲车,20,地茅乱刺,28,,,,,,,,,减少疲劳(初),1,恢复技力(初),9,强化武将(初),19,偷袭敌军,30,,,,,,,,,宛,野,宛,登,,,,,,,铜殳,圆 钩 ,钩,飞 ,飞,,袁术,,,,,3,13,0
197,张横,73,38,111,落石,1,鬼戟,9,八面火转,19,火牛阵,27,,,,,,,,,快速集气(初),1,,,,,,,,,,,,,,,,,,,西凉,登,西凉,登,,,铜殳,雁 ,雁,弩 ,弩,,,,,,,3,9,0
198,张燕,75,46,121,飞矢,1,突石剑,9,突剑四方,15,烈火旋灯,24,神剑闪,31,,,,,,,扰乱敌将(初),1,,,,,,,,,,,,,,,,,,,汝南,登,新野,登,南皮,登,铜殳,箭 ,箭,弩 ,弩,,,,,,,3,11,0
199,张辽,95,88,183,落日弓,1,太极门,6,冰柱刺,11,烈火旋灯,18,三日月斩,23,神火旋张,29,炎墙,35,炬石炼狱,40,快速集气(初),1,诈败,6,降敌士气(中),12,减少疲劳(中),19,恢复技力(中),26,增强攻击(中),32,离间计(高),38,,,新野,登,洛阳,登,陈留,登,江陵,登,寿春,登,短锥枪,方 锥 ,方,枪 ,枪,,,,,,,5,13,0
200,张济,72,63,135,旋龙,1,旋灯火,9,突袭石,18,旋龙合璧,27,,,,,,,,,扰乱敌将(初),1,恢复体力(初),11,逼近敌军,20,偷袭敌军,30,,,,,,,,,西凉,登,洛阳,登,,,,,,,直剑,方 玄 ,方,刀 ,刀,,,,,,,2,2,0
201,张翼,76,63,139,落石,1,八门金锁,7,突剑四方,16,火牛阵,24,伏兵连阵,32,,,,,,,鼓舞士气(初),1,恢复技力(初),10,强化武将(初),20,保护主将,29,,,,,,,,,,,,,,,梓潼,野,永安,登,眉尖刀,方 ,方,枪 ,枪,,,,,,,3,13,0
202,张嶷,76,70,146,旋龙,1,回天术,8,突袭石,16,冰柱群峰,24,滚石遽压,31,,,,,,,减少疲劳(初),1,增强攻击(初),8,扰乱敌将(中),16,太公阵,25,减缓集气(中),32,,,,,,,,,,,,,,,汉中,登,铜殳,方 雁 ,方,枪 炼 ,枪,,,,,,,5,3,0
203,张绣,77,65,142,飞矢,1,旋灯火,9,神剑,15,旋龙合璧,23,驷冲车,31,,,,,,,离间计(初),1,诈败,11,强化武将(初),16,太公阵,30,,,,,,,,,西凉,登,洛阳,登,洛阳,野,,,,,短锥枪,锥 ,锥,刀 弩 ,刀,,,,,,,4,2,0
204,张邈,64,37,101,旋龙,1,鬼戟,12,神剑,25,,,,,,,,,,,扰乱敌将(初),1,,,,,,,,,,,,,,,陈留,野,陈留,野,,,,,,,短锥枪,钩 ,钩,弓 ,弓,,,,,,,5,2,0
205,张闿,69,32,101,八面火,1,鬼戟,11,龙炮,20,旋龙合璧,29,,,,,,,,,快速集气(初),1,,,,,,,,,,,,,,,许昌,登,下邳,登,庐江,野,庐江,野,,,直剑,方 ,方,贼 ,贼,,,,,,,2,2,0
206,张宝,82,72,154,刀剑乱,1,太极门,8,冰柱刺,15,地茅乱刺,21,神火旋张,29,分身斩,34,,,,,后选出阵,1,快速集气(初),8,降敌士气(中),17,乱阵,24,保留气力(中),33,,,,,,,陈留,登,,,,,,,,,铜殳,方 雁 ,方,贼 ,贼,,,,,,,2,12,0
207,曹仁,90,82,172,突石,1,旋灯火,7,冲车,12,火牛阵,18,伏兵连阵,24,炬石轰,31,炎墙,36,,,离间计(初),1,增加体力(初),7,包围敌军,14,乱阵,21,保留气力(中),27,增强攻击(中),34,,,,,,,陈留,登,下邳,登,宛,登,襄阳,登,眉尖刀,锥 雁 ,锥,刀 ,刀,,曹操,曹操,曹操,曹操,,5,1,0
208,曹丕,75,73,148,火箭,1,火雷,9,火箭烈,16,后伏连兵,23,黄龙天翔,31,,,,,,,减少疲劳(初),1,恢复体力(初),9,扰乱敌将(中),17,偷袭敌军,24,降敌士气(高),31,,,,,,,,,,,,,许昌,登,许昌,登,直剑,圆 雁 玄 ,玄,弓 武 ,武,,曹操,曹操,曹操,曹操,曹操,3,9,0
209,曹休,78,68,146,旋龙,1,突石剑,8,龙炮,15,旋龙合璧,24,驷冲车,30,,,,,,,快速集气(初),1,增加体力(初),9,降敌士气(中),19,太公阵,28,,,,,,,,,,,,,,,北平,登,长安,登,眉尖刀,圆 锥 ,锥,枪 飞 ,枪,,曹操,曹操,曹操,曹操,,4,2,0
210,曹性,68,47,115,连弩,1,回天术,12,八面火转,24,,,,,,,,,,,鼓舞士气(初),1,,,,,,,,,,,,,,,,,濮阳,野,,,,,,,直剑,冲 ,冲,刀 武 ,刀,,,,,,,3,2,0
211,曹昂,69,58,127,突石,1,八门金锁,9,冰柱刺,19,旋龙合璧,28,,,,,,,,,保留气力(初),1,恢复体力(初),14,扰乱敌将(中),27,,,,,,,,,,,,,陈留,野,,,,,,,眉尖刀,雁 ,雁,刀 弓 ,弓,,,,,,,5,2,0
212,曹芳,57,42,99,落月弓,1,伏焰,22,,,,,,,,,,,,,降敌士气(初),1,,,,,,,,,,,,,,,,,,,,,,,洛阳,野,直剑,圆 雁 ,雁,弓 武 ,武,,曹操,曹操,曹操,曹操,,3,13,0
213,曹洪,82,51,133,连弩,1,地茅刺,7,冲车,14,火牛阵,22,神剑闪,28,炬石轰,35,,,,,降敌士气(初),1,诈败,23,,,,,,,,,,,,,,,陈留,登,濮阳,登,濮阳,登,徐州,登,眉尖刀,锥 雁 ,锥,刀 ,刀,,曹操,曹操,曹操,曹操,,5,1,0
214,曹真,84,70,154,突石,1,回天术,8,突剑四方,14,火牛阵,20,八卦奇阵,28,神火旋张,33,,,,,保留气力(初),1,增加体力(初),8,强化武将(初),17,偷袭敌军,25,增加技力(中),32,,,,,,,,,,,,,弘农,登,汝南　,登,眉尖刀,方 鱼 钩 ,方,刀 武 ,刀,,曹操,曹操,曹操,曹操,,4,1,0
215,曹纯,76,70,146,连弩,1,八门金锁,9,冰柱刺,17,冰柱群峰,26,,,,,,,,,降敌士气(初),1,增强攻击(初),9,降敌士气(中),16,劝降,25,恢复体力(中),33,,,,,,,,,陈留,登,许昌,登,南皮,登,,,眉尖刀,锥 玄 ,锥,刀 ,刀,,曹操,曹操,曹操,曹操,,3,3,0
216,曹豹,73,30,103,飞矢,1,突石剑,10,突袭石,18,太极华阵,28,,,,,,,,,后选出阵,1,,,,,,,,,,,,,,,徐州,野,徐州,野,,,,,,,短锥枪,鱼 ,鱼,刀 弩 ,刀,,,,,,,1,12,0
217,曹爽,66,44,110,旋龙,1,八门金锁,12,冰柱刺,25,,,,,,,,,,,鼓舞士气(初),1,,,,,,,,,,,,,,,,,,,,,,,新野,野,直剑,圆 钩 ,圆,飞 武 ,武,,曹操,曹操,曹操,曹操,曹操,3,2,0
218,曹植,32,91,123,木轮攻,1,火雷,6,火箭烈,12,后伏连兵,18,绝命坝,25,火雷星雨,31,木轮涛击,37,,,鼓舞士气(初),1,恢复体力(初),6,包围敌军,13,金蝉脱壳,18,降敌士气(高),24,强化士兵(中),30,恢复技力(高),36,,,,,,,,,许昌,登,弘农,登,直剑,雁 玄 鱼 ,玄,飞 武 ,武,,曹操,曹操,曹操,曹操,曹操,4,9,0
219,曹彰,92,45,137,半月斩,1,突石剑,6,八面火转,13,烈火旋灯,19,连弩狂涛,24,三圣华斩,31,分身斩,36,,,减缓集气(初),1,,,,,,,,,,,,,,,,,,,,,许昌,登,许昌,登,眉尖刀,锥 玄 ,锥,关 炼 ,关,,曹操,曹操,曹操,曹操,曹操,4,6,0
220,曹操,87,92,179,火箭,1,神剑,6,火箭烈,11,太极华阵,18,黄龙天翔,24,神剑闪华,30,后伏军阵,35,五雷轰顶,41,离间计(初),1,增加体力(初),7,增加经验(初),11,金蝉脱壳,18,降敌士气(高),24,增加经验(中),29,离间计(高),36,喝阻敌军(高),40,洛阳,登,陈留,登,许昌,登,襄阳,登,邺,登,直剑,圆 玄 ,玄,刀 ,刀,,,,,,,4,8,0
221,曹羲,66,45,111,旋龙,1,伏兵班阵,12,突袭石,24,,,,,,,,,,,扰乱敌将(初),1,,,,,,,,,,,,,,,,,,,,,,,洛阳,野,短锥枪,箭 ,箭,刀 铁 ,刀,,,,,,,4,2,0
222,曹叡,59,81,140,伏兵组阵,1,伏焰,9,火箭烈,15,木轮强袭,22,绝命坝,30,,,,,,,减少疲劳(初),1,混乱敌军(初),7,逼近敌军,13,减少疲劳(中),20,恢复技力(中),29,喝阻敌军(中),34,,,,,,,,,,,,,洛阳,野,直剑,雁 玄 钩 ,玄,武 铁 ,铁,,曹操,曹操,曹操,曹操,曹操,4,2,0
223,梁兴,71,38,109,落石,1,地茅刺,9,神剑,18,龙炮激射,27,,,,,,,,,减缓集气(初),1,,,,,,,,,,,,,,,,,西凉,登,西凉,登,西凉,登,,,铜殳,方 圆 ,方,弓 ,弓,,,,,,,2,2,0
224,淳于琼,75,60,135,刀剑乱,1,突石剑,8,冲车,16,龙炮激射,25,神剑闪,32,,,,,,,降敌士气(初),1,混乱敌军(初),13,逼近敌军,25,,,,,,,,,,,长安,登,平原,野,,,,,,,眉尖刀,方 锥 ,方,炼 ,炼,,,,,,,3,13,0
225,笮融,68,44,112,飞矢,1,八门金锁,11,神剑,23,,,,,,,,,,,降敌士气(初),1,,,,,,,,,,,,,,,,,建业,野,,,,,,,铜殳,锥 ,锥,飞 铁 ,飞,,,,,,,3,9,0
226,许子将,36,95,131,火箭,1,火雷,7,御飞刀,13,后伏连兵,18,绝命坝,23,火雷星雨,30,赤焰火海,34,大地狂啸,40,诈败,1,恢复技力(初),6,化解计策,12,离间计(中),17,恢复体力(中),24,增加经验(中),29,封武将技,34,增加经验(高),41,汝南,野,汝南,野,汝南,野,汝南,野,汝南,野,直剑,锥 ,锥,刀 弓 ,刀,,,,,,,6,7,0
227,许攸,48,69,117,伏兵组阵,1,雷击,10,虎咆震,19,雷光振杀,28,,,,,,,,,离间计(初),1,快速集气(初),10,降敌士气(中),19,减少疲劳(中),28,,,,,,,,,南皮,野,南皮,野,濮阳,登,,,,,直剑,锥 ,锥,弓 ,弓,,,,,,,2,9,0
228,许靖,33,76,109,地泉冲,1,伏焰,9,火箭烈,16,炎龙无双,23,火雷爆,32,,,,,,,减少疲劳(初),1,混乱敌军(初),8,扰乱敌将(中),16,减少疲劳(中),25,增加技力(中),32,,,,,,,,,长安,登,长安,野,梓潼,登,梓潼,登,直剑,圆 ,圆,刀 枪 ,枪,,,,,,,3,7,0
229,许禇,98,40,138,八面火,1,地茅刺,6,突袭石,11,火牛阵,17,连弩狂涛,22,神火旋张,29,集火柱,34,火牛烈崩,40,降敌士气(初),1,,,,,,,,,,,,,,,,,,,许昌,登,襄阳,登,襄阳,登,眉尖刀,方 锥 ,锥,炼 武 ,炼,,曹操,曹操,曹操,曹操,,5,6,0
230,逄纪,63,85,148,火箭,1,雷击,8,雷光波动,14,雷光振杀,21,火雷爆,27,火雷星雨,34,,,,,后选出阵,1,混乱敌军(初),6,强化武将(初),13,劝降,20,降敌士气(高),25,减少疲劳(高),33,恢复技力(高),39,,,南皮,野,代县,登,邺,登,,,,,直剑,雁 鱼 ,雁,弓 ,弓,,,,,,,2,9,0
231,郭汜,73,42,115,落石,1,八面火,9,神剑,18,太极华阵,28,,,,,,,,,鼓舞士气(初),1,,,,,,,,,,,,,,,西凉,登,洛阳,登,,,,,,,直剑,圆 锥 ,圆,飞 ,飞,,,,,,,2,2,0
232,郭奕,37,80,117,落月弓,1,火雷,7,雷光波动,15,后伏连兵,23,火雷爆,31,,,,,,,扰乱敌将(初),1,快速集气(初),8,强化武将(初),14,劝降,21,降敌士气(高),27,增加体力(中),35,,,,,,,,,,,,,长安,登,直剑,冲 ,冲,刀 铁 ,铁,,,,,,,3,2,0
233,郭嘉,49,98,147,火箭,1,雷击,6,火箭烈,13,雷光振杀,17,黄龙天翔,23,火箭天袭,29,雷光燋狱,34,狂雷天牢,39,扰乱敌将(初),1,强化士兵(初),6,扰乱敌将(中),12,减少疲劳(中),17,快速集气(中),22,减少疲劳(高),28,恢复技力(高),34,混乱敌军(高),39,,,,,濮阳,登,,,,,直剑,方 雁 玄 ,方,弓 ,弓,,,,,,,6,9,0
234,郭图,49,80,129,木轮攻,1,伏焰,8,御飞刀,15,木轮强袭,22,雷击闪,30,,,,,,,扰乱敌将(初),1,快速集气(初),7,扰乱敌将(中),14,劝降,21,鼓舞士气(高),29,扰乱敌将(高),34,,,,,南皮,野,代县,登,北海,登,,,,,直剑,圆 钩 ,钩,铁 ,铁,,袁绍,袁绍,,,,3,9,0
235,陈式,70,49,119,突石,1,伏兵班阵,9,冲车,18,龙炮激射,27,,,,,,,,,后选出阵,1,恢复技力(初),24,,,,,,,,,,,,,,,,,,,成都,野,汉中,登,短锥枪,冲 ,冲,炼 ,炼,,,,,,,2,4,0
236,陈武,78,62,140,刀剑乱,1,旋灯火,8,八面火转,15,乱飞矢,23,乱刀狂舞,30,,,,,,,鼓舞士气(初),1,恢复体力(初),12,鼓舞士气(中),26,,,,,,,,,,,,,建业,登,寿春,野,予章,登,,,铜殳,方 ,方,炼 ,炼,,,,,,,3,8,0
237,陈宫,66,90,156,地泉冲,1,伏焰,6,雷光波动,12,雷光振杀,18,地泉鲸浪,25,赤焰洪流,31,狂雷天牢,37,,,后选出阵,1,恢复技力(初),7,增加经验(初),13,乱阵,19,金蝉脱壳,24,增加经验(中),30,恢复体力(高),36,,,许昌,野,谯,野,,,,,,,直剑,玄 钩 ,钩,弓 ,弓,,,,,,,4,9,0
238,陈泰,84,80,164,旋龙,1,太极门,6,突袭石,14,乱飞矢,21,伏兵连阵,28,炬石轰,34,,,,,快速集气(初),1,恢复体力(初),6,扰乱敌将(中),14,保护主将,21,恢复体力(中),29,增强攻击(中),35,,,,,,,,,,,,,下邳,野,眉尖刀,雁 ,雁,枪 ,枪,,,,,,,4,15,0
239,陈琳,38,84,122,落月弓,1,雷击,7,拒陆马,15,炎龙无双,20,火雷爆,28,炎龙杀阵,34,,,,,降敌士气(初),1,增强攻击(初),7,增加经验(初),13,保护主将,20,增加技力(中),28,增加体力(中),34,,,,,弘农,登,代县,登,平原,登,北海,登,,,直剑,方 钩 ,方,铁 ,铁,,,,,,,4,8,0
240,陈登,52,71,123,木轮攻,1,炎龙,10,虎咆震,18,炎龙无双,27,,,,,,,,,后选出阵,1,恢复体力(初),8,鼓舞士气(中),17,偷袭敌军,24,保留气力(中),33,,,,,,,,,徐州,登,下邳,登,下邳,野,,,直剑,玄 钩 ,玄,弓 ,弓,,,,,,,4,9,0
241,陈群,48,93,141,地泉冲,1,虎咆,6,拒陆马,13,后伏连兵,19,火雷爆,24,火箭天袭,30,赤焰洪流,37,,,减少疲劳(初),1,快速集气(初),7,喝阻敌军(初),12,保护主将,18,鼓舞士气(高),22,混乱敌军(中),29,快速集气(高),36,强化士兵(高),40,,,,,许昌,野,江陵,登,洛阳,登,直剑,玄 鱼 ,鱼,武 ,武,,,,,,,4,9,0
242,陈震,61,64,125,伏兵组阵,1,拒陆马,12,虎咆阳炎,25,,,,,,,,,,,减缓集气(初),1,增加体力(初),10,强化武将(初),20,劝降,30,,,,,,,,,,,南皮,登,平原,登,襄阳,野,汉中,登,眉尖刀,圆 ,圆,飞 ,飞,,,,,,,3,2,0
243,陈横,66,52,118,突石,1,回天术,13,冲车,24,,,,,,,,,,,后选出阵,1,强化士兵(初),23,,,,,,,,,,,,,建业,野,建业,登,,,,,,,眉尖刀,玄 ,玄,刀 ,刀,,,,,,,3,2,0
244,陈矫,32,69,101,伏兵组阵,1,虎咆,10,伏兵排阵,19,虎咆阳炎,28,,,,,,,,,快速集气(初),1,混乱敌军(初),10,增加经验(初),19,偷袭敌军,29,,,,,,,,,,,濮阳,野,江陵,登,弘农,登,宛,登,直剑,玄 ,玄,枪 炼 ,炼,,,,,,,3,9,0
245,陆抗,78,92,170,半月斩,1,八面火,6,冲车,11,龙炮,17,神剑闪,23,炬石轰,30,炎墙,34,火牛烈崩,41,离间计(初),1,混乱敌军(初),5,逼近敌军,13,乱阵,17,快速集气(中),24,减少疲劳(高),29,快速集气(高),35,增强攻击(高),41,,,,,,,,,建业,野,铜殳,方 玄 ,方,铁 ,铁,,,,,,,4,3,0
246,陆凯,34,72,106,伏兵组阵,1,炎龙,10,雷光波动,19,地泉裂劲,27,,,,,,,,,减缓集气(初),1,恢复技力(初),8,强化武将(初),16,太公阵,25,鼓舞士气(高),32,,,,,,,,,,,,,,,长沙,登,直剑,钩 ,钩,弓 ,弓,,,,,,,4,9,0
247,陆逊,79,96,175,落日弓,1,雷击,6,龙炮,12,生死门,18,神火旋张,23,后伏兵阵,28,集火柱,34,炎墙烈烧,40,化解计策,1,增加经验(中),5,增加体力(中),12,金蝉脱壳,17,离间计(高),22,恢复技力(高),27,强化士兵(高),33,喝阻敌军(高),39,,,,,,,会稽,登,江夏,登,直剑,方 鱼 ,鱼,刀 ,刀,孙坚,孙坚,孙权,孙权,孙权,,6,1,0
248,陆绩,39,76,115,火箭,1,虎咆,8,火箭烈,16,木轮强袭,23,火雷爆,32,,,,,,,鼓舞士气(初),1,恢复技力(初),8,喝阻敌军(初),15,乱阵,24,降敌士气(高),31,,,,,,,,,,,鄱阳,登,建业,登,长沙,登,直剑,方 ,方,枪 弩 ,弩,,,,,,,4,11,0
249,陶谦,51,70,121,命疗术,1,御飞刀,9,虎咆震,18,火雷爆,28,,,,,,,,,减缓集气(初),1,快速集气(初),8,强化武将(初),16,减少疲劳(中),25,恢复体力(中),33,,,,,,,徐州,登,徐州,登,,,,,,,直剑,圆 鱼 ,圆,弓 ,弓,,,,,,,4,9,0
250,傅士仁,63,54,117,飞矢,1,八门金锁,13,龙炮,25,,,,,,,,,,,保留气力(初),1,强化士兵(初),23,,,,,,,,,,,,,武陵,野,武陵,野,武陵,野,武陵,野,武陵,登,短锥枪,箭 ,箭,弓 ,弓,,,,,,,1,2,0
251,傅彤,72,67,139,飞矢,1,回天术,9,冰柱刺,18,乱飞矢,27,,,,,,,,,扰乱敌将(初),1,恢复体力(初),9,强化武将(初),20,包围敌军,29,,,,,,,,,,,,,成都,野,成都,野,成都,登,眉尖刀,锥 ,锥,飞 武 ,飞,,,,,,,5,2,0
252,傅巽,35,73,108,木轮攻,1,火雷,9,御飞刀,18,地泉裂劲,28,,,,,,,,,快速集气(初),1,增加体力(初),8,鼓舞士气(中),15,保护主将,23,增加技力(中),32,,,,,,,江夏,野,江夏,野,武陵,登,代县,登,寿春,登,直剑,冲 ,冲,弩 ,弩,,,,,,,2,13,0
253,傅干,39,76,115,伏兵组阵,1,雷击,8,雷光波动,17,后伏连兵,24,火雷爆,31,,,,,,,减缓集气(初),1,恢复体力(初),7,增加经验(初),16,劝降,23,减缓集气(中),32,,,,,,,,,晋阳,野,陈留,登,襄平,登,南皮,登,直剑,冲 ,冲,炼 ,炼,,,,,,,3,8,0
254,傅婴,71,62,133,连弩,1,八门金锁,9,冰柱刺,19,乱飞矢,27,,,,,,,,,降敌士气(初),1,混乱敌军(初),14,喝阻敌军(初),25,,,,,,,,,,,,,,,长沙,野,吴,登,吴,登,直剑,雁 ,雁,枪 弓 ,枪,,,,,,,4,2,0
255,乔玄,46,55,101,木轮攻,1,火箭烈,22,,,,,,,,,,,,,减缓集气(初),1,诈败,14,降敌士气(中),26,,,,,,,,,,,濮阳,登,濮阳,登,建业,登,建业,登,,,直剑,圆 玄 ,圆,弓 ,弓,,乔瑁,,,,,5,9,0
256,乔瑁,68,60,128,连弩,1,伏兵班阵,11,神剑,23,,,,,,,,,,,后选出阵,1,增强攻击(初),12,喝阻敌军(初),26,,,,,,,,,,,濮阳,登,濮阳,登,,,,,,,直剑,锥 玄 ,锥,铁 ,铁,乔玄,,,,,乔玄,2,8,0
257,程武,44,71,115,地泉冲,1,虎咆,10,火箭烈,19,木轮强袭,28,,,,,,,,,减缓集气(初),1,增强攻击(初),8,增加经验(初),16,减少疲劳(中),24,保留气力(中),33,,,,,,,,,,,,,,,新野,登,直剑,玄 ,玄,弓 飞 ,弓,,,,,,,5,2,0
258,程秉,36,68,104,火箭,1,雷击,12,御飞刀,23,,,,,,,,,,,离间计(初),1,恢复技力(初),10,增加经验(初),20,偷袭敌军,29,,,,,,,,,,,,,汝南,野,建业,登,庐陵,登,直剑,箭 ,箭,铁 ,铁,,,,,,,4,2,0
259,程昱,58,93,151,落月弓,1,火雷,6,雷光波动,12,后伏连兵,18,黄龙天翔,25,赤焰洪流,31,五雷轰顶,36,,,鼓舞士气(初),1,诈败,6,强化武将(初),13,劝降,19,恢复技力(中),24,喝阻敌军(中),29,保留气力(高),34,增加经验(高),41,邺,野,邺,野,徐州,登,襄阳,登,新野,登,直剑,圆 玄 ,玄,弓 ,弓,,曹操,曹操,曹操,曹操,,3,8,0
260,程普,86,80,166,飞矢,1,太极门,7,神剑,13,冰柱群峰,20,三日月斩,27,火牛群舞,34,,,,,减缓集气(初),1,诈败,6,鼓舞士气(中),14,劝降,21,降敌士气(高),29,喝阻敌军(中),35,,,,,下邳,登,长沙,登,建业,登,予章,登,予章,登,铜殳,方 钩 ,方,枪 ,枪,,,,,,,5,2,0
261,程远志,78,44,122,旋龙,1,鬼戟,7,地茅刺,16,烈火旋灯,22,连弩狂涛,30,,,,,,,保留气力(初),1,,,,,,,,,,,,,,,南皮,登,,,,,,,,,铜殳,方 ,方,贼 ,贼,,,,,,,1,12,0
262,程银,74,39,113,旋龙,1,八门金锁,9,突剑四方,17,乱飞矢,27,,,,,,,,,离间计(初),1,,,,,,,,,,,,,,,,,西凉,登,西凉,登,西凉,登,,,短锥枪,锥 ,锥,弓 弩 ,弓,,,,,,,4,2,0
263,华佗,34,96,130,命疗术,1,木轮攻,7,雷光波动,13,炎龙无双,18,绝命坝,23,炎龙杀阵,29,木轮涛击,35,,,恢复体力(初),1,增加体力(初),7,增加经验(初),12,恢复体力(中),18,增加体力(中),23,增加经验(中),29,恢复体力(高),36,增加体力(高),41,谯,野,吴,野,许昌,野,许昌,野,许昌,野,直剑,雁 ,雁,武 ,武,,,,,,,6,8,0
264,华雄,91,45,136,旋龙,1,突石剑,6,冲车,13,旋龙合璧,18,连弩狂涛,24,火牛群舞,30,集火柱,37,,,扰乱敌将(初),1,,,,,,,,,,,,,,,西凉,登,弘农,登,,,,,,,眉尖刀,方 钩 ,方,刀 ,刀,董卓,董卓,,,,,3,11,0
265,华歆,45,80,125,伏兵组阵,1,雷击,9,虎咆震,16,木轮强袭,23,地泉鲸浪,30,,,,,,,保留气力(初),1,诈败,7,降敌士气(中),15,劝降,21,恢复技力(中),28,增强攻击(中),35,,,,,长安,登,长安,登,长安,登,邺,登,邺,登,直剑,方 玄 ,玄,武 ,武,,,,,,,1,9,0
266,貂蝉,52,78,130,落月弓,1,伏焰,8,火箭烈,16,后伏连兵,22,虎咆阳炎,30,,,,,,,扰乱敌将(初),1,强化士兵(初),8,鼓舞士气(中),14,保护主将,21,保留气力(中),29,强化武将(中),36,,,,,,,洛阳,野,,,,,,,直剑,圆 鱼 ,圆,女 ,女,,,,,,王允,6,14,1
267,费祎,58,83,141,落月弓,1,雷击,7,虎咆震,15,地泉裂劲,21,虎咆阳炎,27,赤焰洪流,34,,,,,减缓集气(初),1,混乱敌军(初),7,扰乱敌军(中),14,乱阵,21,快速集气(中),27,混乱敌军(中),33,,,,,,,,,,,成都,野,成都,登,直剑,锥 玄 鱼 ,锥,武 铁 ,武,,,,,,,4,9,0
268,轲比能,81,41,122,连弩,1,突石剑,8,冰柱刺,13,冰柱群峰,21,伏兵连阵,27,滚石怒冲,34,,,,,降敌士气(初),1,,,,,,,,,,,,,,,,,,,,,,,西凉,登,眉尖刀,圆 锥 钩 ,锥,刀 蛮 ,蛮,,,,,,,3,2,0
269,雅丹,76,60,136,刀剑乱,1,突石剑,7,突剑四方,15,冰柱群峰,23,滚石遽压,29,,,,,,,保留气力(初),1,强化士兵(初),13,鼓舞士气(中),25,,,,,,,,,,,,,,,,,,,西凉,登,短锥枪,鱼 ,鱼,蛮 ,蛮,,,,,,,2,15,0
270,冯习,72,34,106,飞矢,1,太极门,9,突袭石,19,龙炮,28,,,,,,,,,扰乱敌将(初),1,,,,,,,,,,,,,,,,,,,,,,,汉中,登,铜殳,锥 ,锥,刀 ,刀,,,,,,,3,2,0
271,黄忠,97,66,163,落日弓,1,太极门,6,神剑,12,地茅乱刺,17,八卦奇阵,23,三圣华斩,29,集火柱,34,火牛烈崩,40,离间计(初),1,恢复体力(初),10,鼓舞士气(中),19,减少疲劳(中),28,,,,,,,,,长沙,野,长沙,野,长沙,登,长沙,野,成都,登,眉尖刀,方 雁 ,方,刀 ,刀,,,,,,,6,7,0
272,黄祖,74,38,112,落日弓,1,地茅刺,9,八面火转,17,乱飞矢,26,,,,,,,,,保留气力(初),1,,,,,,,,,,,,,,,江夏,野,江夏,登,江夏,登,,,,,直剑,圆 雁 ,圆,飞 ,飞,,,,,,,2,13,0
273,黄盖,88,67,155,连弩,1,旋灯火,6,八面火转,13,火牛阵,19,伏兵连阵,25,神火旋张,32,神火怒张,38,,,鼓舞士气(初),1,混乱敌军(初),10,增加经验(初),18,太公阵,28,,,,,,,,,下邳,登,长沙,登,建业,登,庐江,登,,,直剑,雁 玄 ,雁,弓 ,弓,孙坚,孙坚,孙权,孙权,孙权,,5,7,0
274,黄权,50,82,132,命疗术,1,雷击,8,火箭烈,14,木轮强袭,22,火雷爆,27,雷击闪,35,,,,,减少疲劳(初),1,增加技力(初),8,强化武将(初),15,保护主将,21,恢复体力(中),28,混乱敌军(中),35,,,,,,,成都,野,成都,登,成都,登,成都,登,直剑,方 钩 ,钩,铁 ,铁,,,,,,,3,9,0
275,杨松,46,38,84,旋龙,1,太极门,22,,,,,,,,,,,,,保留气力(初),1,,,,,,,,,,,,,,,,,汉中,野,汉中,登,汉中,登,,,短锥枪,雁 ,雁,弓 ,弓,,,,,,,1,2,0
276,杨秋,76,32,108,连弩,1,回天术,7,连弩激射,15,火牛阵,24,太极华阵,31,,,,,,,减缓集气(初),1,,,,,,,,,,,,,,,,,,,西凉,登,西凉,登,陈留,登,铜殳,鱼 ,鱼,弓 飞 ,飞,,,,,,,1,11,0
277,杨修,45,92,137,落月弓,1,雷击,6,雷光波动,13,地泉裂劲,19,火雷爆,24,火箭天袭,31,木轮涛击,37,,,降敌士气(初),1,增加体力(初),7,逼近敌军,12,离间计(中),18,降敌士气(高),24,减少疲劳(高),30,恢复体力(高),36,,,,,,,下邳,登,邺,登,,,直剑,圆 钩 ,圆,武 ,武,,,,,,,4,9,0
278,杨祚,64,49,113,八面火,1,八门金锁,12,冰柱刺,25,,,,,,,,,,,减缓集气(初),1,恢复技力(初),23,,,,,,,,,,,,,,,,,,,,,北平,登,短锥枪,玄 ,玄,刀 飞 ,刀,,,,,,,3,2,0
279,杨彪,55,77,132,落月弓,1,虎咆,8,御飞刀,16,地泉裂劲,24,火雷爆,30,,,,,,,离间计(初),1,快速集气(初),9,降敌士气(中),16,偷袭敌军,23,减缓集气(中),30,,,,,,,弘农,登,洛阳,登,,,,,,,眉尖刀,锥 ,锥,贼 ,贼,,,,,,,5,12,0
280,杨仪,60,72,132,落月弓,1,炎龙,9,御飞刀,19,雷光振杀,28,,,,,,,,,后选出阵,1,混乱敌军(初),8,鼓舞士气(中),16,减少疲劳(中),24,鼓舞士气(高),33,,,,,,,,,,,,,下弁,野,梓潼,登,直剑,箭 ,箭,刀 ,刀,,,,,,,3,11,0
281,杨锋,70,36,106,旋龙,1,鬼戟,10,神剑,19,乱飞矢,28,,,,,,,,,减少疲劳(初),1,,,,,,,,,,,,,,,,,,,,,云南,登,云南,登,短锥枪,冲 ,冲,刀 飞 ,飞,,,,,,,1,15,0
282,杨怀,76,48,124,八面火,1,地茅刺,8,龙炮,16,冰柱群峰,24,伏兵连阵,32,,,,,,,减缓集气(初),1,恢复技力(初),25,,,,,,,,,,,,,,,梓潼,登,梓潼,登,梓潼,登,,,铜殳,方 玄 ,方,刀 ,刀,,,,,,,4,2,0
283,董允,38,84,122,火箭,1,虎咆,6,雷光波动,14,地泉裂劲,21,绝命坝,28,火雷星雨,33,,,,,扰乱敌将(初),1,增加技力(初),8,降敌士气(中),13,保护主将,20,保留气力(中),26,扰乱敌将(高),33,,,,,,,,,成都,野,成都,野,汉中,登,直剑,方 圆 ,圆,弓 ,弓,,,,,,,3,8,0
284,董卓,91,60,151,落石,1,伏兵班阵,7,龙炮,12,冰柱群峰,19,驷冲车,25,火牛群舞,30,旋龙天舞,36,,,减缓集气(初),1,恢复体力(初),14,增加经验(初),26,,,,,,,,,,,西凉,登,洛阳,登,,,,,,,眉尖刀,方 锥 ,方,刀 ,刀,,,,,,,2,15,0
285,董和,61,67,128,命疗术,1,虎咆,13,御飞刀,24,,,,,,,,,,,保留气力(初),1,快速集气(初),10,降敌士气(中),19,减少疲劳(中),29,,,,,,,,,,,成都,登,永安,登,永安,登,成都,登,眉尖刀,方 ,方,刀 炼 ,刀,,,,,,,4,5,0
286,董承,74,63,137,飞矢,1,回天术,9,冲车,18,烈火旋灯,26,,,,,,,,,后选出阵,1,混乱敌军(初),10,包围敌军,19,保护主将,29,,,,,,,,,长安,登,长安,登,,,,,,,直剑,锥 雁 ,雁,弓 ,弓,,,,,,,5,1,0
287,董旻,75,51,126,连弩,1,伏兵班阵,8,龙炮,16,火牛阵,23,连弩狂涛,30,,,,,,,减少疲劳(初),1,增加体力(初),24,,,,,,,,,,,,,西凉,登,长安,登,,,,,,,眉尖刀,方 钩 ,方,武 ,武,,,,,,董卓,2,8,0
288,董昭,53,68,121,地泉冲,1,雷击,12,虎咆震,23,,,,,,,,,,,保留气力(初),1,增强攻击(初),10,逼近敌军,20,减少疲劳(中),29,,,,,,,,,,,,,许昌,登,许昌,登,北海,登,眉尖刀,雁 ,雁,武 ,武,,,,,,,2,2,0
289,董荼那,78,48,126,落日弓,1,伏兵班阵,8,冰柱刺,16,火牛阵,22,三日月斩,31,,,,,,,保留气力(初),1,增强攻击(初),24,,,,,,,,,,,,,,,,,,,云南,登,云南,登,眉尖刀,方 锥 ,锥,藤 ,藤,,,,,,,3,15,0
290,董衡,73,45,118,飞矢,1,突石剑,10,冰柱刺,18,乱飞矢,28,,,,,,,,,保留气力(初),1,,,,,,,,,,,,,,,,,,,弘农,登,北海,登,邺,登,短锥枪,鱼 ,鱼,飞 铁 ,铁,,,,,,,4,2,0
291,董袭,72,42,114,连弩,1,突石剑,10,连弩激射,18,地茅乱刺,27,,,,,,,,,保留气力(初),1,,,,,,,,,,,,,,,,,建业,野,会稽,登,吴,登,,,铜殳,方 鱼 ,方,枪 ,枪,,,,,,,3,11,0
292,虞翻,47,78,125,木轮攻,1,雷击,8,伏兵排阵,15,雷光振杀,23,地泉鲸浪,31,,,,,,,减少疲劳(初),1,强化士兵(初),8,降敌士气(中),15,偷袭敌军,22,保留气力(中),29,减少疲劳(高),35,,,,,会稽,野,会稽,登,建业,登,建业,登,庐江,登,直剑,方 鱼 ,鱼,铁 ,铁,,,,,,,4,9,0
293,贾充,42,90,132,命疗术,1,雷击,7,火箭烈,12,伏兵排阵,18,地泉鲸浪,25,后伏兵阵,31,大地狂啸,36,,,降敌士气(初),1,诈败,7,增加经验(初),13,乱阵,18,鼓舞士气(高),24,强化武将(中),30,恢复体力(高),36,,,,,,,,,,,新野,野,直剑,圆 雁 玄 鱼 ,雁,弓 飞 ,弓,,,,,,,3,9,0
294,贾逵,47,76,123,地泉冲,1,雷击,8,御飞刀,15,虎咆阳炎,24,地泉鲸浪,32,,,,,,,减少疲劳(初),1,增强攻击(初),9,降敌士气(中),17,太公阵,23,降敌士气(高),31,,,,,,,,,,,长安,登,弘农,登,濮阳,登,直剑,方 ,方,枪 ,枪,,,,,,,4,9,0
295,贾诩,50,97,147,地泉冲,1,火雷,7,御飞刀,12,炎龙无双,17,雷击闪,23,后伏兵阵,28,大地狂啸,33,炎龙绝杀,40,鼓舞士气(初),1,快速集气(初),5,强化武将(初),12,乱阵,18,快速集气(中),23,减少疲劳(高),29,恢复体力(高),35,混乱敌军(高),40,天水,野,长安,登,洛阳,登,平原,登,许昌,登,直剑,圆 雁 ,雁,弓 ,弓,,,,,,,4,9,0
296,贾范,48,75,123,火箭,1,伏焰,8,伏兵排阵,16,木轮强袭,23,火雷爆,32,,,,,,,减少疲劳(初),1,强化士兵(初),7,喝阻敌军(初),17,偷袭敌军,23,恢复技力(中),31,,,,,,,,,,,,,,,北平,登,直剑,鱼 ,鱼,弓 ,弓,,,,,,,4,9,0
297,邹靖,69,67,136,旋龙,1,回天术,10,冲车,19,烈火旋灯,28,,,,,,,,,减少疲劳(初),1,恢复技力(初),11,逼近敌军,20,减少疲劳(中),29,,,,,,,,,代县,登,成都,登,成都,登,成都,登,,,直剑,玄 钩 ,钩,刀 ,刀,,,,,,,4,2,0
298,雍闿,71,51,122,飞矢,1,突石剑,9,龙炮,17,乱飞矢,24,连弩狂涛,32,,,,,,,保留气力(初),1,快速集气(初),24,,,,,,,,,,,,,,,,,江州,登,江州,野,江州,登,短锥枪,锥 ,锥,刀 弓 ,刀,,,,,,,2,2,0
299,雷铜,73,51,124,连弩,1,突石剑,7,冲车,13,冰柱群峰,21,太极华阵,28,茅刺遍地,34,,,,,鼓舞士气(初),1,混乱敌军(初),24,,,,,,,,,,,,,,,成都,登,成都,登,江州,登,,,直剑,方 锥 ,锥,枪 ,枪,,,,,,,3,2,0
300,雷薄,65,45,110,连弩,1,八门金锁,12,神剑,24,,,,,,,,,,,后选出阵,1,,,,,,,,,,,,,,,宛,野,宛,登,宛,野,宛,野,,,铜殳,方 ,方,飞 ,飞,,,,,,,1,2,0
301,廖化,76,68,144,落日弓,1,回天术,8,神剑,15,乱飞矢,24,连弩狂涛,31,,,,,,,保留气力(初),1,强化士兵(初),10,降敌士气(中),20,乱阵,28,,,,,,,,,平原,登,濮阳,野,新野,野,长沙,登,江陵,登,眉尖刀,方 玄 ,方,贼 ,贼,,,,,,,4,15,0
302,彻里吉,81,56,137,旋龙,1,太极门,7,连弩激射,15,地茅乱刺,23,八卦奇阵,29,,,,,,,保留气力(初),1,恢复体力(初),13,强化武将(初),26,,,,,,,,,,,,,,,,,,,西凉,登,铜殳,圆 鱼 ,鱼,刀 炼 ,刀,,,,,,,2,15,0
303,满宠,57,82,139,命疗术,1,雷击,8,火箭烈,14,炎龙无双,21,绝命坝,28,炎龙怒涛,35,,,,,后选出阵,1,增加技力(初),6,喝阻敌军(初),14,劝降,22,恢复体力(中),28,混乱敌军(中),35,,,,,,,,,许昌,登,宛,登,襄阳,登,直剑,方 雁 ,雁,弓 ,弓,,,,,,,5,9,0
304,管亥,87,45,132,旋龙,1,伏兵班阵,6,连弩激射,13,冰柱群峰,18,三日月斩,25,炬石轰,31,神剑闪华,37,,,保留气力(初),1,,,,,,,,,,,,,,,汝南,登,北海,登,,,,,,,眉尖刀,方 玄 ,方,贼 ,贼,,,,,,,2,12,0
305,管辂,33,95,128,木轮攻,1,伏焰,7,伏兵排阵,12,木轮强袭,18,虎咆阳炎,24,炎龙怒涛,30,赤焰洪流,35,五雷轰顶,40,离间计(初),1,快速集气(初),6,逼近敌军,12,偷袭敌军,17,鼓舞士气(高),24,喝阻敌军(中),30,十面埋伏,36,混乱敌军(高),41,平原,野,平原,野,平原,野,平原,野,平原,野,直剑,箭 ,箭,炼 飞 ,炼,,,,,,,6,9,0
306,臧霸,79,47,126,突石,1,鬼戟,7,冰柱刺,15,生死门,24,伏兵连阵,31,,,,,,,减缓集气(初),1,,,,,,,,,,,,,,,,,,,谯,野,襄阳,登,北海,登,铜殳,方 锥 ,锥,枪 弓 ,枪,,,,,,,5,2,0
307,裴元绍,76,37,113,旋龙,1,地茅刺,8,突袭石,15,旋龙合璧,24,太极华阵,31,,,,,,,鼓舞士气(初),1,,,,,,,,,,,,,,,平原,登,濮阳,野,,,,,,,铜殳,圆 ,圆,贼 ,贼,,,,,,,3,11,0
308,赵弘,71,46,117,八面火,1,伏兵班阵,9,八面火转,18,烈火旋灯,27,,,,,,,,,降敌士气(初),1,,,,,,,,,,,,,,,宛,登,,,,,,,,,直剑,方 玄 ,方,贼 ,贼,,,,,,,2,12,0
309,赵统,74,56,130,连弩,1,旋灯火,8,突剑四方,17,地茅乱刺,26,,,,,,,,,减缓集气(初),1,增加体力(初),14,逼近敌军,27,,,,,,,,,,,,,,,,,,,永安,野,短锥枪,圆 锥 雁 ,锥,枪 弓 ,枪,,,,,刘备,赵云,4,3,0
310,赵云,98,88,186,落日弓,1,旋灯火,7,神剑,12,龙炮激射,17,三日月斩,23,炬石轰,29,剑轮舞,33,炬石炼狱,39,保留气力(初),1,诈败,7,增加经验(初),13,离间计(中),19,增加技力(中),24,增加体力(中),31,离间计(高),37,,,,,,,新野,登,长沙,登,成都,登,短锥枪,锥 鱼 ,锥,枪 弓 ,枪,,刘备,刘备,刘备,刘备,,6,10,0
311,赵广,76,57,133,连弩,1,八门金锁,7,突袭石,16,生死门,24,三日月斩,32,,,,,,,快速集气(初),1,增加体力(初),13,增加经验(初),26,,,,,,,,,,,,,,,,,,,永安,野,短锥枪,方 圆 玄 ,方,枪 武 ,枪,,,,,刘备,赵云,4,2,0
312,赵范,44,68,112,火箭,1,伏焰,12,火箭烈,23,,,,,,,,,,,鼓舞士气(初),1,诈败,9,逼近敌军,19,太公阵,29,,,,,,,,,桂阳,野,桂阳,野,桂阳,野,桂阳,野,桂阳,登,直剑,箭 ,箭,刀 ,刀,,,,,,,3,9,0
313,蒯良,42,86,128,地泉冲,1,火雷,8,御飞刀,14,雷光振杀,21,虎咆阳炎,27,雷击闪,34,,,,,后选出阵,1,增强攻击(初),7,强化武将(初),13,劝降,19,恢复技力(中),24,喝阻敌军(中),31,快速集气(高),38,,,襄阳,野,襄阳,登,长沙,登,襄阳,登,襄阳,登,直剑,玄 鱼 ,鱼,铁 ,铁,,,,,,,3,9,0
314,蒯越,44,87,131,伏兵组阵,1,拒陆马,6,御飞刀,13,后伏连兵,20,绝命坝,26,火雷星雨,33,,,,,减少疲劳(初),1,诈败,8,逼近敌军,12,保护主将,19,增加技力(中),25,增加经验(中),30,快速集气(高),38,,,洛阳,登,襄阳,登,襄阳,登,新野,登,,,直剑,玄 鱼 ,玄,弓 ,弓,,,,,,,4,9,0
315,刘巴,48,70,118,火箭,1,火雷,10,御飞刀,18,后伏连兵,28,,,,,,,,,后选出阵,1,增加体力(初),9,逼近敌军,17,保护主将,24,减缓集气(中),33,,,,,,,,,,,江州,登,江州,登,武陵,登,直剑,方 ,方,武 ,武,,,,,,,4,9,0
316,刘岱,67,42,109,刀剑乱,1,伏兵班阵,11,突剑四方,23,,,,,,,,,,,减缓集气(初),1,,,,,,,,,,,,,,,濮阳,野,濮阳,野,濮阳,登,濮阳,登,汝南,登,铜殳,箭 ,箭,枪 炼 ,炼,,,,,,,1,2,0
317,刘表,63,77,140,火箭,1,虎咆,9,火箭烈,16,炎龙无双,23,火雷爆,31,,,,,,,降敌士气(初),1,混乱敌军(初),8,包围敌军,15,减少疲劳(中),23,鼓舞士气(高),30,,,,,,,洛阳,登,襄阳,登,襄阳,登,,,,,直剑,方 玄 ,方,刀 ,刀,,,,,,,4,7,0
318,刘封,73,64,137,突石,1,突石剑,9,突剑四方,19,火牛阵,27,,,,,,,,,离间计(初),1,增加技力(初),9,鼓舞士气(中),20,劝降,30,,,,,,,,,,,,,,,江夏,登,上庸,登,眉尖刀,雁 钩 ,钩,刀 铁 ,刀,,,,,,,4,2,0
319,刘度,61,45,106,落石,1,地茅刺,20,,,,,,,,,,,,,离间计(初),1,,,,,,,,,,,,,,,零陵,野,零陵,野,零陵,野,零陵,野,,,短锥枪,箭 ,箭,刀 飞 ,飞,,,,,,,3,9,0
320,刘焉,42,78,120,伏兵组阵,1,虎咆,8,火箭烈,16,后伏连兵,23,火雷爆,30,,,,,,,快速集气(初),1,恢复技力(初),8,喝阻敌军(初),15,劝降,21,鼓舞士气(高),28,增加体力(中),35,,,,,代县,登,成都,登,,,,,,,直剑,圆 钩 ,圆,弓 ,弓,,,,,,,5,7,0
321,刘备,82,79,161,落石,1,太极门,7,冰柱刺,14,火牛阵,20,滚石遽压,27,神火旋张,33,冰岚刃舞,37,,,离间计(初),1,增加经验(初),7,包围敌军,14,偷袭敌军,22,恢复体力(中),28,喝阻敌军(中),34,,,,,代县,登,平原,登,新野,登,江夏,登,成都,登,直剑,方 圆 ,圆,弓 ,弓,,,,,,,6,8,0
322,刘循,68,55,123,飞矢,1,八门金锁,12,八面火转,23,,,,,,,,,,,快速集气(初),1,增加技力(初),13,包围敌军,26,,,,,,,,,,,,,,,,,成都,登,武陵,登,眉尖刀,锥 ,锥,铁 ,铁,,,,,,,4,15,0
323,刘琦,46,85,131,火箭,1,火雷,7,虎咆震,14,雷光振杀,21,黄龙天翔,28,后伏兵阵,34,,,,,降敌士气(初),1,强化士兵(初),7,强化武将(初),13,保护主将,19,快速集气(中),25,增加经验(中),32,快速集气(高),39,,,,,,,襄阳,登,江夏,登,,,直剑,方 圆 ,方,弓 ,弓,,刘表,刘表,,,刘表,4,8,0
324,刘琮,43,63,106,命疗术,1,拒陆马,13,虎咆震,25,,,,,,,,,,,减缓集气(初),1,混乱敌军(初),10,鼓舞士气(中),19,乱阵,29,,,,,,,,,,,,,襄阳,登,襄阳,登,,,直剑,圆 钩 ,圆,铁 ,铁,,刘表,刘表,,,刘表,3,9,0
325,刘辟,72,34,106,飞矢,1,鬼戟,9,冲车,19,冰柱群峰,27,,,,,,,,,降敌士气(初),1,,,,,,,,,,,,,,,汝南,登,汝南,野,,,,,,,铜殳,鱼 ,鱼,贼 ,贼,,,,,,,4,2,0
326,刘璋,42,64,106,命疗术,1,火雷,13,拒陆马,25,,,,,,,,,,,保留气力(初),1,诈败,11,喝阻敌军(初),20,保护主将,29,,,,,,,,,代县,登,成都,登,成都,登,成都,登,武陵,登,直剑,圆 钩 ,圆,弓 ,弓,刘焉,刘焉,刘璋,刘璋,,刘焉,5,9,0
327,刘贤,62,55,117,飞矢,1,突石剑,21,,,,,,,,,,,,,快速集气(初),1,增强攻击(初),14,增加经验(初),26,,,,,,,,,,,,,零陵,野,零陵,野,零陵,野,庐陵,登,眉尖刀,钩 ,钩,弓 ,弓,,,,,,,3,9,0
328,刘晔,40,84,124,地泉冲,1,伏焰,6,虎咆震,14,地泉裂劲,20,地泉鲸浪,26,后伏兵阵,34,,,,,扰乱敌将(初),1,增加技力(初),7,降敌士气(中),13,包围敌军,20,保留气力(中),27,混乱敌军(中),33,,,,,,,濮阳,野,濮阳,登,北平,登,陈留,登,直剑,圆 鱼 ,圆,铁 ,铁,,,,,,,5,9,0
329,刘禅,38,51,89,落月弓,1,火箭烈,22,,,,,,,,,,,,,减缓集气(初),1,增强攻击(初),23,,,,,,,,,,,,,,,,,,,,,成都,野,直剑,圆 ,圆,武 铁 ,武,,刘备,刘备,刘备,刘备,刘备,3,8,0
330,刘繇,42,60,102,地泉冲,1,伏焰,21,,,,,,,,,,,,,减缓集气(初),1,恢复体力(初),14,扰乱敌将(中),25,,,,,,,,,,,寿春,登,寿春,登,寿春,野,寿春,野,,,直剑,玄 鱼 ,玄,刀 ,刀,,,,,,,1,11,0
331,审配,73,68,141,飞矢,1,突石剑,9,突袭石,19,火牛阵,27,,,,,,,,,鼓舞士气(初),1,增强攻击(初),9,喝阻敌军(初),18,保护主将,28,,,,,,,,,南皮,野,南皮,登,北平,登,,,,,直剑,雁 ,雁,刀 ,刀,,,,,,,6,1,0
332,樊稠,82,38,120,连弩,1,八面火,8,突袭石,13,烈火旋灯,21,太极华阵,27,龙炮灭杀,34,,,,,减少疲劳(初),1,,,,,,,,,,,,,,,西凉,登,洛阳,登,,,,,,,眉尖刀,方 玄 ,方,刀 ,刀,,,,,,,3,2,0
333,乐进,83,56,139,刀剑乱,1,地茅刺,8,神剑,14,旋龙合璧,20,神剑闪,26,剑轮舞,34,,,,,鼓舞士气(初),1,增加体力(初),14,鼓舞士气(中),26,,,,,,,,,,,陈留,野,陈留,登,长安,登,陈留,登,,,铜殳,方 钩 ,方,飞 ,飞,,,,,,,3,3,0
334,潘凤,75,39,114,连弩,1,鬼戟,8,连弩激射,16,龙炮激射,24,连弩狂涛,31,,,,,,,减少疲劳(初),1,,,,,,,,,,,,,,,邺,登,邺,登,,,,,,,眉尖刀,方 ,方,炼 ,炼,,,,,,,2,2,0
335,潘璋,74,48,122,突石,1,回天术,9,冰柱刺,15,乱飞矢,22,神剑闪,31,,,,,,,后选出阵,1,增加技力(初),25,,,,,,,,,,,,,,,,,庐江,登,鄱阳,登,予章,登,眉尖刀,方 ,方,飞 ,飞,,,,,,,4,2,0
336,潘浚,42,68,110,命疗术,1,虎咆,11,拒陆马,24,,,,,,,,,,,减缓集气(初),1,混乱敌军(初),10,降敌士气(中),19,偷袭敌军,29,,,,,,,,,,,,,武陵,野,武陵,野,武陵,登,直剑,冲 ,冲,飞 武 ,武,,,,,,,2,9,0
337,蒋钦,78,74,152,落石,1,太极门,8,冲车,15,火牛阵,23,驷冲车,29,,,,,,,保留气力(初),1,增强攻击(初),8,逼近敌军,15,太公阵,25,保留气力(中),32,,,,,,,,,予章,野,吴,登,吴,登,予章,登,铜殳,圆 锥 ,锥,刀 ,刀,,,,,,,4,15,0
338,蒋琬,56,91,147,伏兵组阵,1,火雷,7,雷光波动,12,后伏连兵,19,绝命坝,25,火箭天袭,30,雷光燋狱,36,,,降敌士气(初),1,强化士气(初),6,包围敌军,13,减少疲劳(中),19,恢复体力(中),24,喝阻敌军(中),31,保留气力(高),37,,,,,,,零陵,野,永安,野,梓潼,登,直剑,玄 鱼 ,玄,铁 ,铁,,,,,,,5,8,0
339,蒋干,41,70,111,木轮攻,1,火雷,10,拒陆马,18,地泉裂劲,27,,,,,,,,,离间计(初),1,增强攻击(初),9,逼近敌军,16,包围敌军,25,恢复技力(中),32,,,,,,,,,,,谯,登,襄阳,登,,,直剑,钩 ,钩,弩 ,弩,,,,,,,2,9,0
340,蒋义渠,72,41,113,刀剑乱,1,地茅刺,9,冰柱刺,19,地茅乱刺,28,,,,,,,,,减少疲劳(初),1,,,,,,,,,,,,,,,平原,野,平原,野,谯,登,北平,野,北平,野,短锥枪,锥 ,锥,枪 武 ,枪,,,,,,,3,3,0
341,蒋济,43,86,129,命疗术,1,炎龙,7,御飞刀,14,炎龙无双,21,绝命坝,27,后伏兵阵,33,,,,,减缓集气(初),1,增加技力(初),7,降敌士气(中),14,太公阵,18,恢复体力(中),26,增加体力(中),32,减缓集气(高),37,,,,,,,,,许昌,登,寿春,登,直剑,圆 雁 鱼 ,圆,弓 ,弓,,,,,,,3,8,0
342,蔡中,56,42,98,旋龙,1,八面火,22,,,,,,,,,,,,,减少疲劳(初),1,,,,,,,,,,,,,,,,,,,江陵,登,江陵,登,,,眉尖刀,锥 ,锥,枪 弩 ,弩,,,,,,,2,15,0
343,蔡和,59,41,100,突石,1,旋灯火,21,,,,,,,,,,,,,减缓集气(初),1,,,,,,,,,,,,,,,,,,,江陵,登,江陵,登,,,直剑,钩 ,钩,刀 武 ,刀,,,,,,,2,2,0
344,蔡邕,41,82,123,命疗术,1,火雷,7,伏兵排阵,14,地泉裂劲,21,雷击闪,29,炎龙杀阵,35,,,,,离间计(初),1,强化士兵(初),7,喝阻敌军(初),14,包围敌军,21,减缓集气(中),28,混乱敌军(中),34,,,,,洛阳,登,洛阳,登,,,,,,,直剑,圆 玄 ,圆,铁 ,铁,,,,,,,5,9,0
345,蔡瑁,80,72,152,刀剑乱,1,八门金锁,8,冰柱刺,15,冰柱群峰,23,八卦奇阵,31,,,,,,,鼓舞士气(初),1,快速集气(初),8,鼓舞士气(中),16,减少疲劳(中),25,恢复技力(中),33,,,,,,,江陵,野,江陵,登,江陵,登,江陵,登,,,眉尖刀,方 锥 ,锥,刀 ,刀,,,,,,,3,2,0
346,诸葛均,53,78,131,伏兵组阵,1,伏焰,8,御飞刀,16,后伏连兵,22,雷击闪,31,,,,,,,后选出阵,1,增强攻击(初),8,喝阻敌军(初),14,太公阵,22,恢复体力(中),29,增加体力(中),35,,,,,,,,,,,江夏,野,成都,登,直剑,箭 ,箭,刀 弩 ,刀,,,,,,,5,9,0
347,诸葛亮,68,100,168,木轮攻,1,雷击,6,雷光波动,12,黄龙天翔,18,雷击闪,23,炎龙怒涛,28,狂雷天牢,34,天地无用,40,化解计策,1,增加经验(高),5,增加体力(高),10,金蝉脱壳,15,十面埋伏,20,增加技力(高),26,封武将技,31,强化武将(高),37,,,,,,,江夏,登,成都,登,直剑,方 圆 玄 鱼 ,圆,刀 弓 ,弓,,刘备,刘备,刘备,刘备,,6,9,0
348,诸葛恪,58,93,151,伏兵组阵,1,虎咆,6,伏兵排阵,13,地泉裂劲,18,火雷爆,24,火箭天袭,31,木轮涛击,34,,,快速集气(初),1,恢复体力(初),6,强化武将(初),11,偷袭敌军,17,快速集气(中),23,增强攻击(中),28,快速集气(高),35,增强攻击(高),40,,,,,,,,,长沙,登,直剑,圆 锥 玄 钩 ,锥,弓 飞 ,弓,,,,,,诸葛瑾,4,9,0
349,诸葛瑾,52,91,143,命疗术,1,伏焰,6,虎咆震,13,木轮强袭,18,火雷爆,25,后伏兵阵,30,赤焰洪流,36,,,减缓集气(初),1,恢复体力(初),6,鼓舞士气(中),12,减少疲劳(中),18,鼓舞士气(高),24,增加体力(中),31,减缓集气(高),36,,,,,,,庐江,登,建业,登,桂阳,登,直剑,方 雁 玄 ,方,弓 ,弓,,,,,,,5,9,0
350,诸葛诞,84,76,160,落石,1,突石剑,7,突剑四方,14,地茅乱刺,20,连弩狂涛,27,神火旋张,33,,,,,降敌士气(初),1,强化士兵(初),8,扰乱敌将(中),17,减少疲劳(中),24,增加技力(中),32,,,,,,,,,,,,,,,下邳,野,眉尖刀,雁 ,雁,弓 ,弓,,,,,,,3,13,0
351,邓艾,85,94,179,伏兵组阵,1,炎龙,7,雷光波动,13,龙炮激射,18,黄龙天翔,23,火箭天袭,29,木轮涛击,35,十面埋伏,40,化解计策,1,增加经验(中),5,恢复体力(中),13,金蝉脱壳,18,离间计(高),23,恢复技力(高),29,增强攻击(高),36,喝阻敌军(高),40,,,,,,,,,襄阳,野,眉尖刀,方 圆 玄 鱼 ,方,刀 铁 ,刀,,,,,,,3,2,0
352,邓忠,77,53,130,连弩,1,伏兵班阵,8,八面火转,16,冰柱群峰,24,八卦奇阵,31,,,,,,,后选出阵,1,诈败,22,,,,,,,,,,,,,,,,,,,,,长安,野,铜殳,方 钩 ,方,枪 武 ,枪,,,,,,,4,11,0
353,邓芝,58,85,143,火箭,1,雷击,7,拒陆马,14,地泉裂劲,21,火雷爆,28,炎龙杀阵,34,,,,,减缓集气(初),1,恢复体力(初),8,包围敌军,12,减少疲劳(中),20,增加技力(中),26,增加体力(中),32,恢复体力(高),39,,,,,,,,,新野,野,梓潼,登,直剑,方 玄 钩 ,方,刀 ,刀,,,,,,,5,9,0
354,邓茂,76,39,115,旋龙,1,地茅刺,8,突袭石,15,地茅乱刺,23,伏兵连阵,32,,,,,,,扰乱敌将(初),1,,,,,,,,,,,,,,,南皮,登,,,,,,,,,铜殳,方 ,方,贼 ,贼,,,,,,,1,12,0
355,邓贤,69,64,133,飞矢,1,八门金锁,10,神剑,16,乱飞矢,29,,,,,,,,,扰乱敌将(初),1,恢复体力(初),10,扰乱敌将(中),20,减少疲劳(中),29,,,,,,,,,,,,,成都,登,成都,登,,,眉尖刀,圆 ,圆,飞 ,飞,,,,,,,4,4,0
356,鲁肃,69,98,167,木轮攻,1,火雷,7,虎咆震,13,木轮强袭,17,绝命坝,22,火箭天袭,28,赤焰火海,34,狂雷天牢,39,离间计(初),1,增加技力(初),6,鼓舞士气(中),12,乱阵,16,保留气力(中),23,减少疲劳(高),29,保留气力(高),35,强化士兵(高),39,,,,,鄱阳,登,庐江,登,,,直剑,鱼 钩 ,钩,弓 ,弓,孙坚,孙坚,孙权,孙权,孙权,,5,9,0
357,卢植,71,84,155,命疗术,1,火雷,6,御飞刀,14,后伏连兵,20,黄龙天翔,26,木轮涛击,34,,,,,减缓集气(初),1,增加技力(初),7,喝阻敌军(初),13,乱阵,19,保留气力(中),27,增加经验(中),33,,,,,洛阳,登,洛阳,登,,,,,,,直剑,鱼 钩 ,鱼,武 ,武,,,,,,,4,8,0
358,阎圃,42,80,122,落月弓,1,拒陆马,8,御飞刀,16,地泉裂劲,23,火雷爆,30,,,,,,,鼓舞士气(初),1,诈败,8,喝阻敌军(初),15,劝降,21,快速集气(中),28,增加经验(中),34,,,,,襄平,野,襄平,野,汉中,登,汉中,登,平原,登,直剑,方 圆 ,圆,武 ,武,,,,,,,4,9,0
359,霍峻,77,65,142,连弩,1,回天术,9,冲车,15,龙炮激射,23,驷冲车,30,,,,,,,离间计(初),1,恢复体力(初),10,逼近敌军,19,减少疲劳(中),30,,,,,,,,,,,江陵,登,江陵,登,江夏,登,梓潼,登,铜殳,方 ,方,炼 ,炼,,,,,,,3,2,0
360,骆统,65,63,128,突石,1,突石剑,12,神剑,25,,,,,,,,,,,减缓集气(初),1,增加技力(初),10,强化武将(初),19,保护主将,29,,,,,,,,,,,,,,,会稽,登,建业,登,眉尖刀,鱼 ,鱼,飞 ,飞,,,,,,,3,2,0
361,鲍隆,66,43,109,落石,1,回天术,13,八面火转,25,,,,,,,,,,,减缓集气(初),1,,,,,,,,,,,,,,,,,,,桂阳,野,桂阳,野,,,短锥枪,箭 ,箭,枪 ,枪,,,,,,,3,2,0
362,糜竺,40,82,122,伏兵组阵,1,雷击,7,伏兵排阵,15,地泉裂劲,22,地泉鲸浪,27,炎龙怒涛,34,,,,,离间计(初),1,增强攻击(初),8,强化武将(初),13,太公阵,21,保留气力(中),27,混乱敌军(中),35,,,,,徐州,登,徐州,登,新野,登,长沙,登,成都,登,直剑,圆 鱼 ,圆,弓 ,弓,,,,,,,5,9,0
363,糜芳,71,48,119,落石,1,八面火,9,连弩激射,19,龙炮激射,27,,,,,,,,,后选出阵,1,强化士兵(初),25,,,,,,,,,,,,,,,下邳,登,新野,登,长沙,登,武陵,登,短锥枪,方 ,方,刀 ,刀,,,,,,,1,2,0
364,薛综,32,67,99,火箭,1,虎咆,13,拒陆马,24,,,,,,,,,,,后选出阵,1,混乱敌军(初),11,逼近敌军,19,保护主将,29,,,,,,,,,,,吴,野,谯,野,吴,登,长沙,登,直剑,钩 ,钩,弓 炼 ,弓,,,,,,,4,11,0
365,钟会,62,96,158,落月弓,1,火雷,6,伏兵排阵,12,木轮强袭,18,火雷爆,24,火箭天袭,30,赤焰洪流,35,十面埋伏,40,快速集气(初),1,混乱敌军(初),5,增加经验(初),11,偷袭敌军,18,降敌士气(高),24,强化武将(中),30,保留气力(高),35,混乱敌军(高),40,,,,,,,,,长安,野,直剑,圆 锥 雁 鱼 ,锥,弓 铁 ,铁,,,,,,,1,2,0
366,钟繇,32,79,111,地泉冲,1,伏焰,9,伏兵排阵,15,地泉裂劲,23,地泉鲸浪,31,,,,,,,后选出阵,1,强化士兵(初),7,扰乱敌将(中),14,劝降,21,快速集气(中),29,强化士兵(中),34,,,,,长安,登,长安,登,徐州,登,长安,登,洛阳,登,直剑,雁 ,雁,飞 ,飞,,,,,,,3,9,0
367,韩玄,68,33,101,飞矢,1,八门金锁,12,突剑四方,23,,,,,,,,,,,快速集气(初),1,,,,,,,,,,,,,,,长沙,野,长沙,野,长沙,登,长沙,登,,,铜殳,雁 ,雁,弓 ,弓,,,,,,,1,2,0
368,韩忠,69,47,116,旋龙,1,太极门,11,地茅刺,19,冰柱群峰,29,,,,,,,,,离间计(初),1,,,,,,,,,,,,,,,宛,登,,,,,,,,,铜殳,方 ,方,贼 ,贼,,,,,,,1,12,0
369,韩浩,79,44,123,突石,1,回天术,8,突袭石,16,烈火旋灯,23,太极华阵,31,,,,,,,保留气力(初),1,,,,,,,,,,,,,,,长沙,野,长沙,野,长安,登,长安,登,,,短锥枪,钩 ,钩,武 ,武,,,,,,,4,5,0
370,韩嵩,42,70,112,落月弓,1,虎咆,9,御飞刀,18,炎龙无双,28,,,,,,,,,减少疲劳(初),1,强化士兵(初),8,扰乱敌将(中),17,保护主将,24,减缓集气(中),32,,,,,,,江夏,野,江夏,登,武陵,登,新野,登,襄阳,登,直剑,雁 玄 ,雁,武 ,武,,,,,,,3,9,0
371,韩当,82,66,148,连弩,1,旋灯火,7,神剑,15,旋龙合璧,21,驷冲车,27,神火旋张,34,,,,,离间计(初),1,恢复技力(初),10,增加经验(初),20,偷袭敌军,28,,,,,,,,,下邳,登,长沙,登,予章,登,予章,登,桂阳,登,眉尖刀,方 圆 ,方,刀 ,刀,,,,,,,4,5,0
372,韩遂,65,78,143,木轮攻,1,伏焰,8,拒陆马,16,炎龙无双,23,黄龙天翔,31,,,,,,,减缓集气(初),1,混乱敌军(初),8,扰乱敌将(中),14,包围敌军,21,恢复技力(中),29,混乱敌军(中),35,,,,,,,,,天水,登,西凉,登,,,眉尖刀,箭 ,箭,刀 枪 ,枪,,,,,,,3,9,0
373,韩暹,66,43,109,突石,1,旋灯火,12,龙炮,25,,,,,,,,,,,离间计(初),1,,,,,,,,,,,,,,,北海,野,北海,野,,,,,,,铜殳,冲 ,冲,飞 ,飞,,,,,,,1,2,0
374,韩馥,69,48,117,落石,1,突石剑,9,龙炮,19,乱飞矢,29,,,,,,,,,扰乱敌将(初),1,恢复体力(初),25,,,,,,,,,,,,,邺,登,邺,登,,,,,,,直剑,圆 玄 ,圆,弓 ,弓,,,,,,,3,7,0
375,简雍,45,80,125,落月弓,1,伏焰,8,拒陆马,15,木轮强袭,23,火雷爆,31,,,,,,,减缓集气(初),1,诈败,7,喝阻敌军(初),15,劝降,20,恢复技力(中),27,强化士兵(中),35,,,,,,,平原,登,新野,登,江夏,登,成都,登,直剑,圆 鱼 ,圆,飞 ,飞,,刘备,刘备,刘备,刘备,,4,9,0
376,颜良,96,45,141,半月斩,1,八面火,7,突袭石,13,冰柱群峰,18,伏兵连阵,24,滚石怒冲,28,炎墙,34,神火怒张,41,保留气力(初),1,,,,,,,,,,,,,,,南皮,野,南皮,登,,,,,,,眉尖刀,方 锥 ,锥,关 ,关,,,,,,,4,1,0
377,魏延,93,52,145,落日弓,1,太极门,6,突剑四方,11,生死门,18,太极华阵,24,龙炮灭杀,30,分身斩,34,日月轮斩,41,快速集气(初),1,强化士兵(初),24,,,,,,,,,,,,,,,,,襄阳,野,长沙,野,汉中,登,眉尖刀,方 雁 ,方,枪 ,枪,,,,,,,2,6,0
378,魏续,71,45,116,突石,1,旋灯火,9,冲车,18,龙炮激射,28,,,,,,,,,后选出阵,1,,,,,,,,,,,,,,,濮阳,野,濮阳,野,,,,,,,铜殳,玄 钩 ,钩,飞 ,飞,,,,,,,1,2,0
379,庞统,66,98,164,火箭,1,炎龙,7,御飞刀,11,后伏连兵,17,黄龙天翔,24,炎龙怒涛,28,大地狂啸,34,天地无用,39,化解计策,1,增加经验(中),7,恢复体力(高),12,劝降,18,离间计(高),22,恢复技力(高),29,增强攻击(高),33,强化武将(高),39,,,,,,,江夏,野,,,直剑,雁 玄 鱼 ,雁,刀 弓 ,弓,,,,,,,4,8,0
380,庞义,36,62,98,火箭,1,伏焰,20,,,,,,,,,,,,,后选出阵,1,增加技力(初),14,喝阻敌军(初),25,,,,,,,,,,,,,,,江州,野,江州,野,汉中,登,直剑,锥 ,锥,弩 ,弩,,,,,,,4,8,0
381,庞德,97,70,167,落日弓,1,伏兵班阵,6,八面火转,11,生死门,18,神剑闪,24,飞矢烈震,28,集火柱,35,火牛烈崩,39,扰乱敌将(初),1,增加体力(初),8,喝阻敌军(初),16,保护主将,25,保留气力(中),32,,,,,,,,,,,西凉,登,西凉,登,邺,登,眉尖刀,方 玄 ,方,刀 ,刀,,,,,,,4,5,0
382,谭雄,81,44,125,连弩,1,旋灯火,7,神剑,15,乱飞矢,23,驷冲车,30,,,,,,,后选出阵,1,,,,,,,,,,,,,,,,,,,庐江,登,予章,登,长沙,登,眉尖刀,方 雁 ,方,枪 ,枪,,,,,,,2,2,0
383,谯周,32,69,101,伏兵组阵,1,雷击,10,火箭烈,19,木轮强袭,28,,,,,,,,,减缓集气(初),1,增加体力(初),11,喝阻敌军(初),19,减少疲劳(中),28,,,,,,,,,,,,,,,,,成都,登,直剑,圆 雁 ,雁,炼 武 ,武,,,,,,,4,2,0
384,关平,88,70,158,连弩,1,突石剑,6,突剑四方,12,火牛阵,18,三日月斩,26,飞矢烈震,32,分身斩,37,,,保留气力(初),1,增加技力(初),8,鼓舞士气(中),16,包围敌军,25,恢复体力(中),32,,,,,,,,,,,新野,登,长沙,登,江陵,登,眉尖刀,方 雁 ,方,枪 ,枪,,刘备,刘备,刘备,刘备,关羽,5,2,0
385,关羽,99,85,184,半月斩,1,冰柱刺,6,龙炮,11,烈火旋灯,17,神剑闪,22,三圣华斩,29,集火柱,35,鬼哭神号,40,保留气力(初),1,强化士兵(初),6,强化武将(初),12,劝降,19,鼓舞士气(高),26,扰乱敌将(高),32,十面埋伏,39,,,代县,登,平原,登,新野,登,长沙,登,江陵,登,眉尖刀,方 雁 ,方,刀 ,刀,,刘备,刘备,刘备,刘备,,6,5,0
386,关索,84,64,148,半月斩,1,八面火,7,突袭石,14,烈火旋灯,21,神剑闪,27,三圣华斩,34,,,,,快速集气(初),1,恢复技力(初),10,降敌士气(中),19,劝降,29,,,,,,,,,,,,,,,,,江陵,登,眉尖刀,方 雁 玄 ,玄,枪 炼 ,枪,,刘备,刘备,刘备,刘备,关羽,5,3,0
387,关凤,81,62,143,刀剑乱,1,伏兵班阵,7,突袭石,13,龙炮激射,21,太极华阵,27,三圣华斩,34,,,,,减少疲劳(初),1,恢复体力(初),13,鼓舞士气(中),25,,,,,,,,,,,,,,,,,,,江陵,野,眉尖刀,方 雁 玄 ,玄,飞 女 ,女,,刘备,刘备,刘备,刘备,关羽,6,14,1
388,关兴,88,71,159,落日弓,1,地茅刺,7,突袭石,12,冰柱群峰,18,滚石遽压,25,乱刀狂舞,31,神剑闪华,38,,,保留气力(初),1,增强攻击(初),9,增加经验(初),16,乱阵,24,恢复体力(中),32,,,,,,,,,,,,,长沙,登,江陵,登,眉尖刀,方 玄 鱼 ,方,刀 枪 ,刀,,刘备,刘备,刘备,刘备,关羽,5,2,0
389,祢衡,37,93,130,木轮攻,1,炎龙,6,虎咆震,13,炎龙无双,18,火雷爆,25,火雷星雨,30,赤焰洪流,36,,,扰乱敌将(初),1,强化士兵(初),6,增加经验(初),13,减少疲劳(中),18,保留气力(中),24,强化武将(中),29,保留气力(高),34,强化士兵(高),40,,,北海,野,,,,,,,直剑,鱼 ,鱼,炼 ,炼,,,,,,,4,9,0
390,严白虎,80,52,132,刀剑乱,1,突石剑,8,突剑四方,16,冰柱群峰,22,太极华阵,31,,,,,,,减缓集气(初),1,增强攻击(初),23,,,,,,,,,,,,,吴,登,吴,登,,,,,,,短锥枪,玄 钩 ,钩,铁 ,铁,,,,,,,3,1,0
391,严政,74,47,121,飞矢,1,太极门,8,八面火转,17,龙炮激射,26,,,,,,,,,鼓舞士气(初),1,,,,,,,,,,,,,,,陈留,登,,,,,,,,,铜殳,锥 ,锥,贼 ,贼,,,,,,,1,12,0
392,严畯,39,77,116,火箭,1,雷击,7,虎咆震,15,木轮强袭,24,火雷爆,31,,,,,,,保留气力(初),1,恢复体力(初),8,强化武将(初),16,乱阵,23,快速集气(中),30,,,,,,,,,建业,野,襄平,野,予章,登,予章,登,直剑,玄 ,玄,飞 铁 ,飞,,,,,,,5,2,0
393,严纲,70,49,119,连弩,1,地茅刺,10,冰柱刺,19,乱飞矢,27,,,,,,,,,扰乱敌将(初),1,诈败,24,,,,,,,,,,,,,北平,登,北平,登,,,,,,,眉尖刀,雁 ,雁,飞 ,飞,,,,,,,3,2,0
394,严舆,76,45,121,旋龙,1,八门金锁,7,八面火转,16,乱飞矢,25,连弩狂涛,31,,,,,,,减少疲劳(初),1,,,,,,,,,,,,,,,吴,登,吴,登,,,,,,,铜殳,圆 玄 ,圆,炼 ,炼,严白虎,严白虎,,,,,3,2,0
395,严颜,89,72,161,半月斩,1,太极门,7,冲车,12,烈火旋灯,20,神剑闪,25,火牛群舞,31,分身斩,37,,,保留气力(初),1,增加技力(初),8,喝阻敌军(初),16,减少疲劳(中),15,恢复技力(中),32,,,,,,,江州,野,江州,登,江州,登,永安,登,永安,登,眉尖刀,方 圆 ,方,刀 ,刀,,,,,,,4,7,0
396,苏飞,77,44,121,刀剑乱,1,旋灯火,7,连弩激射,15,旋龙合璧,24,驷冲车,30,,,,,,,保留气力(初),1,,,,,,,,,,,,,,,,,,,武陵,登,建业,登,江夏,登,铜殳,方 雁 ,方,飞 ,飞,,,,,,,4,2,0
397,阚泽,54,78,132,命疗术,1,火雷,8,虎咆震,15,伏兵排阵,24,地泉鲸浪,30,,,,,,,扰乱敌将(初),1,增加技力(初),7,鼓舞士气(中),15,保护主将,21,恢复技力(中),29,减少疲劳(高),36,,,,,,,长沙,登,庐江,登,庐江,登,予章,登,直剑,方 玄 ,方,铁 ,铁,,,,,,,3,2,0
398,顾雍,53,74,127,火箭,1,火雷,10,火箭烈,18,后伏连兵,26,,,,,,,,,减缓集气(初),1,快速集气(初),7,强化武将(初),16,乱阵,25,减缓集气(中),31,,,,,,,,,,,予章,登,建业,登,予章,登,直剑,方 圆 ,方,铁 ,铁,,,,,,,4,2,0
399,龚都,72,40,112,连弩,1,旋灯火,10,八面火转,19,火牛阵,28,,,,,,,,,鼓舞士气(初),1,,,,,,,,,,,,,,,汝南,登,谯,野,,,,,,,眉尖刀,方 钩 ,方,贼 ,贼,,,,,,,4,12,0
400,龚景,43,72,115,火箭,1,虎咆,10,御飞刀,19,木轮强袭,28,,,,,,,,,离间计(初),1,增加体力(初),9,降敌士气(中),17,偷袭敌军,25,恢复技力(中),32,,,,,,,北海,登,,,,,,,,,直剑,圆 钩 ,圆,铁 ,铁,,,,,,,4,8,0
,,,,,,,,,,,,,,,,,,,,,,,,,,,,,,,,,,,,,,,,,,,,,,,,,,,,,,,,,,,,
